Item Name	Line Number
Xerox 188	129
Xerox 188	2629
Xerox 188	2690
Xerox 188	2876
Xerox 188	3428
Xerox 188	3588
Xerox 188	3727
Xerox 188	4308
Xerox 188	4631
Xerox 188	7348
Xerox 188	7903
Xerox 188	8101
Xerox 188	8775
Xerox 188	9330
Xerox 188	9528
Xerox 188	10129
Xerox 188	12629
Xerox 188	12690
Xerox 188	12876
Xerox 188	13428
Xerox 188	13588
Xerox 188	13727
Xerox 188	14308
Xerox 188	14631
Xerox 188	17348
Xerox 188	17903
Xerox 188	18101
Xerox 188	18775
Xerox 188	19330
Xerox 188	19528
Xerox 188	20129
Xerox 188	22629
Xerox 188	22690
Xerox 188	22876
Xerox 188	23428
Xerox 188	23588
Xerox 188	23727
Xerox 188	24308
Xerox 188	24631
Xerox 188	27348
Xerox 188	27903
Xerox 188	28101
Xerox 188	28775
Xerox 188	29330
Xerox 188	29528
Xerox 188	30129
Xerox 188	32629
Xerox 188	32690
Xerox 188	32876
Xerox 188	33428
Xerox 188	33588
Xerox 188	33727
Xerox 188	34308
Xerox 188	34631
Xerox 188	37348
Xerox 188	37903
Xerox 188	38101
Xerox 188	38775
Xerox 188	39330
Xerox 188	39528
Xerox 188	40129
Xerox 188	42629
Xerox 188	42690
Xerox 188	42876
Xerox 188	43428
Xerox 188	43588
Xerox 188	43727
Xerox 188	44308
Xerox 188	44631
Xerox 188	47348
Xerox 188	47903
Xerox 188	48101
Xerox 188	48775
Xerox 188	49330
Xerox 188	49528
Xerox 1880	2784
Xerox 1880	2916
Xerox 1880	3334
Xerox 1880	5787
Xerox 1880	7076
Xerox 1880	8171
Xerox 1880	8269
Xerox 1880	8503
Xerox 1880	9598
Xerox 1880	9696
Xerox 1880	9930
Xerox 1880	12784
Xerox 1880	12916
Xerox 1880	13334
Xerox 1880	15787
Xerox 1880	17076
Xerox 1880	18171
Xerox 1880	18269
Xerox 1880	18503
Xerox 1880	19598
Xerox 1880	19696
Xerox 1880	19930
Xerox 1880	22784
Xerox 1880	22916
Xerox 1880	23334
Xerox 1880	25787
Xerox 1880	27076
Xerox 1880	28171
Xerox 1880	28269
Xerox 1880	28503
Xerox 1880	29598
Xerox 1880	29696
Xerox 1880	29930
Xerox 1880	32784
Xerox 1880	32916
Xerox 1880	33334
Xerox 1880	35787
Xerox 1880	37076
Xerox 1880	38171
Xerox 1880	38269
Xerox 1880	38503
Xerox 1880	39598
Xerox 1880	39696
Xerox 1880	39930
Xerox 1880	42784
Xerox 1880	42916
Xerox 1880	43334
Xerox 1880	45787
Xerox 1880	47076
Xerox 1880	48171
Xerox 1880	48269
Xerox 1880	48503
Xerox 1880	49598
Xerox 1880	49696
Xerox 1880	49930
Xerox 1881	49
Xerox 1881	1517
Xerox 1881	1849
Xerox 1881	2215
Xerox 1881	3234
Xerox 1881	3419
Xerox 1881	4135
Xerox 1881	4796
Xerox 1881	5345
Xerox 1881	5632
Xerox 1881	6990
Xerox 1881	7245
Xerox 1881	7357
Xerox 1881	8672
Xerox 1881	8784
Xerox 1881	10049
Xerox 1881	11517
Xerox 1881	11849
Xerox 1881	12215
Xerox 1881	13234
Xerox 1881	13419
Xerox 1881	14135
Xerox 1881	14796
Xerox 1881	15345
Xerox 1881	15632
Xerox 1881	16990
Xerox 1881	17245
Xerox 1881	17357
Xerox 1881	18672
Xerox 1881	18784
Xerox 1881	20049
Xerox 1881	21517
Xerox 1881	21849
Xerox 1881	22215
Xerox 1881	23234
Xerox 1881	23419
Xerox 1881	24135
Xerox 1881	24796
Xerox 1881	25345
Xerox 1881	25632
Xerox 1881	26990
Xerox 1881	27245
Xerox 1881	27357
Xerox 1881	28672
Xerox 1881	28784
Xerox 1881	30049
Xerox 1881	31517
Xerox 1881	31849
Xerox 1881	32215
Xerox 1881	33234
Xerox 1881	33419
Xerox 1881	34135
Xerox 1881	34796
Xerox 1881	35345
Xerox 1881	35632
Xerox 1881	36990
Xerox 1881	37245
Xerox 1881	37357
Xerox 1881	38672
Xerox 1881	38784
Xerox 1881	40049
Xerox 1881	41517
Xerox 1881	41849
Xerox 1881	42215
Xerox 1881	43234
Xerox 1881	43419
Xerox 1881	44135
Xerox 1881	44796
Xerox 1881	45345
Xerox 1881	45632
Xerox 1881	46990
Xerox 1881	47245
Xerox 1881	47357
Xerox 1881	48672
Xerox 1881	48784
Xerox 1882	345
Xerox 1882	1377
Xerox 1882	2107
Xerox 1882	3623
Xerox 1882	5323
Xerox 1882	5352
Xerox 1882	10345
Xerox 1882	11377
Xerox 1882	12107
Xerox 1882	13623
Xerox 1882	15323
Xerox 1882	15352
Xerox 1882	20345
Xerox 1882	21377
Xerox 1882	22107
Xerox 1882	23623
Xerox 1882	25323
Xerox 1882	25352
Xerox 1882	30345
Xerox 1882	31377
Xerox 1882	32107
Xerox 1882	33623
Xerox 1882	35323
Xerox 1882	35352
Xerox 1882	40345
Xerox 1882	41377
Xerox 1882	42107
Xerox 1882	43623
Xerox 1882	45323
Xerox 1882	45352
Xerox 1883	6574
Xerox 1883	16574
Xerox 1883	26574
Xerox 1883	36574
Xerox 1883	46574
Xerox 1885	497
Xerox 1885	884
Xerox 1885	1474
Xerox 1885	2210
Xerox 1885	3327
Xerox 1885	4561
Xerox 1885	4577
Xerox 1885	6568
Xerox 1885	7277
Xerox 1885	8704
Xerox 1885	10497
Xerox 1885	10884
Xerox 1885	11474
Xerox 1885	12210
Xerox 1885	13327
Xerox 1885	14561
Xerox 1885	14577
Xerox 1885	16568
Xerox 1885	17277
Xerox 1885	18704
Xerox 1885	20497
Xerox 1885	20884
Xerox 1885	21474
Xerox 1885	22210
Xerox 1885	23327
Xerox 1885	24561
Xerox 1885	24577
Xerox 1885	26568
Xerox 1885	27277
Xerox 1885	28704
Xerox 1885	30497
Xerox 1885	30884
Xerox 1885	31474
Xerox 1885	32210
Xerox 1885	33327
Xerox 1885	34561
Xerox 1885	34577
Xerox 1885	36568
Xerox 1885	37277
Xerox 1885	38704
Xerox 1885	40497
Xerox 1885	40884
Xerox 1885	41474
Xerox 1885	42210
Xerox 1885	43327
Xerox 1885	44561
Xerox 1885	44577
Xerox 1885	46568
Xerox 1885	47277
Xerox 1885	48704
Xerox 1887	88
Xerox 1887	3824
Xerox 1887	5832
Xerox 1887	7655
Xerox 1887	8271
Xerox 1887	9082
Xerox 1887	9698
Xerox 1887	10088
Xerox 1887	13824
Xerox 1887	15832
Xerox 1887	17655
Xerox 1887	18271
Xerox 1887	19082
Xerox 1887	19698
Xerox 1887	20088
Xerox 1887	23824
Xerox 1887	25832
Xerox 1887	27655
Xerox 1887	28271
Xerox 1887	29082
Xerox 1887	29698
Xerox 1887	30088
Xerox 1887	33824
Xerox 1887	35832
Xerox 1887	37655
Xerox 1887	38271
Xerox 1887	39082
Xerox 1887	39698
Xerox 1887	40088
Xerox 1887	43824
Xerox 1887	45832
Xerox 1887	47655
Xerox 1887	48271
Xerox 1887	49082
Xerox 1887	49698
Xerox 1888	2749
Xerox 1888	3047
Xerox 1888	12749
Xerox 1888	13047
Xerox 1888	22749
Xerox 1888	23047
Xerox 1888	32749
Xerox 1888	33047
Xerox 1888	42749
Xerox 1888	43047
Xerox 1891	89
Xerox 1891	819
Xerox 1891	864
Xerox 1891	932
Xerox 1891	1952
Xerox 1891	2377
Xerox 1891	2534
Xerox 1891	5407
Xerox 1891	5759
Xerox 1891	6451
Xerox 1891	7630
Xerox 1891	9057
Xerox 1891	10089
Xerox 1891	10819
Xerox 1891	10864
Xerox 1891	10932
Xerox 1891	11952
Xerox 1891	12377
Xerox 1891	12534
Xerox 1891	15407
Xerox 1891	15759
Xerox 1891	16451
Xerox 1891	17630
Xerox 1891	19057
Xerox 1891	20089
Xerox 1891	20819
Xerox 1891	20864
Xerox 1891	20932
Xerox 1891	21952
Xerox 1891	22377
Xerox 1891	22534
Xerox 1891	25407
Xerox 1891	25759
Xerox 1891	26451
Xerox 1891	27630
Xerox 1891	29057
Xerox 1891	30089
Xerox 1891	30819
Xerox 1891	30864
Xerox 1891	30932
Xerox 1891	31952
Xerox 1891	32377
Xerox 1891	32534
Xerox 1891	35407
Xerox 1891	35759
Xerox 1891	36451
Xerox 1891	37630
Xerox 1891	39057
Xerox 1891	40089
Xerox 1891	40819
Xerox 1891	40864
Xerox 1891	40932
Xerox 1891	41952
Xerox 1891	42377
Xerox 1891	42534
Xerox 1891	45407
Xerox 1891	45759
Xerox 1891	46451
Xerox 1891	47630
Xerox 1891	49057
Xerox 1892	226
Xerox 1892	1342
Xerox 1892	4877
Xerox 1892	6342
Xerox 1892	7926
Xerox 1892	9353
Xerox 1892	10226
Xerox 1892	11342
Xerox 1892	14877
Xerox 1892	16342
Xerox 1892	17926
Xerox 1892	19353
Xerox 1892	20226
Xerox 1892	21342
Xerox 1892	24877
Xerox 1892	26342
Xerox 1892	27926
Xerox 1892	29353
Xerox 1892	30226
Xerox 1892	31342
Xerox 1892	34877
Xerox 1892	36342
Xerox 1892	37926
Xerox 1892	39353
Xerox 1892	40226
Xerox 1892	41342
Xerox 1892	44877
Xerox 1892	46342
Xerox 1892	47926
Xerox 1892	49353
Xerox 1893	140
Xerox 1893	1190
Xerox 1893	1283
Xerox 1893	1598
Xerox 1893	1620
Xerox 1893	2964
Xerox 1893	3430
Xerox 1893	3664
Xerox 1893	4062
Xerox 1893	4582
Xerox 1893	5285
Xerox 1893	7122
Xerox 1893	8365
Xerox 1893	8549
Xerox 1893	9792
Xerox 1893	9976
Xerox 1893	10140
Xerox 1893	11190
Xerox 1893	11283
Xerox 1893	11598
Xerox 1893	11620
Xerox 1893	12964
Xerox 1893	13430
Xerox 1893	13664
Xerox 1893	14062
Xerox 1893	14582
Xerox 1893	15285
Xerox 1893	17122
Xerox 1893	18365
Xerox 1893	18549
Xerox 1893	19792
Xerox 1893	19976
Xerox 1893	20140
Xerox 1893	21190
Xerox 1893	21283
Xerox 1893	21598
Xerox 1893	21620
Xerox 1893	22964
Xerox 1893	23430
Xerox 1893	23664
Xerox 1893	24062
Xerox 1893	24582
Xerox 1893	25285
Xerox 1893	27122
Xerox 1893	28365
Xerox 1893	28549
Xerox 1893	29792
Xerox 1893	29976
Xerox 1893	30140
Xerox 1893	31190
Xerox 1893	31283
Xerox 1893	31598
Xerox 1893	31620
Xerox 1893	32964
Xerox 1893	33430
Xerox 1893	33664
Xerox 1893	34062
Xerox 1893	34582
Xerox 1893	35285
Xerox 1893	37122
Xerox 1893	38365
Xerox 1893	38549
Xerox 1893	39792
Xerox 1893	39976
Xerox 1893	40140
Xerox 1893	41190
Xerox 1893	41283
Xerox 1893	41598
Xerox 1893	41620
Xerox 1893	42964
Xerox 1893	43430
Xerox 1893	43664
Xerox 1893	44062
Xerox 1893	44582
Xerox 1893	45285
Xerox 1893	47122
Xerox 1893	48365
Xerox 1893	48549
Xerox 1893	49792
Xerox 1893	49976
Xerox 1894	1172
Xerox 1894	1239
Xerox 1894	1241
Xerox 1894	1263
Xerox 1894	2593
Xerox 1894	3164
Xerox 1894	3188
Xerox 1894	4103
Xerox 1894	4222
Xerox 1894	5249
Xerox 1894	5428
Xerox 1894	6282
Xerox 1894	6563
Xerox 1894	7607
Xerox 1894	8173
Xerox 1894	9034
Xerox 1894	9600
Xerox 1894	11172
Xerox 1894	11239
Xerox 1894	11241
Xerox 1894	11263
Xerox 1894	12593
Xerox 1894	13164
Xerox 1894	13188
Xerox 1894	14103
Xerox 1894	14222
Xerox 1894	15249
Xerox 1894	15428
Xerox 1894	16282
Xerox 1894	16563
Xerox 1894	17607
Xerox 1894	18173
Xerox 1894	19034
Xerox 1894	19600
Xerox 1894	21172
Xerox 1894	21239
Xerox 1894	21241
Xerox 1894	21263
Xerox 1894	22593
Xerox 1894	23164
Xerox 1894	23188
Xerox 1894	24103
Xerox 1894	24222
Xerox 1894	25249
Xerox 1894	25428
Xerox 1894	26282
Xerox 1894	26563
Xerox 1894	27607
Xerox 1894	28173
Xerox 1894	29034
Xerox 1894	29600
Xerox 1894	31172
Xerox 1894	31239
Xerox 1894	31241
Xerox 1894	31263
Xerox 1894	32593
Xerox 1894	33164
Xerox 1894	33188
Xerox 1894	34103
Xerox 1894	34222
Xerox 1894	35249
Xerox 1894	35428
Xerox 1894	36282
Xerox 1894	36563
Xerox 1894	37607
Xerox 1894	38173
Xerox 1894	39034
Xerox 1894	39600
Xerox 1894	41172
Xerox 1894	41239
Xerox 1894	41241
Xerox 1894	41263
Xerox 1894	42593
Xerox 1894	43164
Xerox 1894	43188
Xerox 1894	44103
Xerox 1894	44222
Xerox 1894	45249
Xerox 1894	45428
Xerox 1894	46282
Xerox 1894	46563
Xerox 1894	47607
Xerox 1894	48173
Xerox 1894	49034
Xerox 1894	49600
Xerox 1895	2580
Xerox 1895	2584
Xerox 1895	4996
Xerox 1895	5349
Xerox 1895	5608
Xerox 1895	6934
Xerox 1895	12580
Xerox 1895	12584
Xerox 1895	14996
Xerox 1895	15349
Xerox 1895	15608
Xerox 1895	16934
Xerox 1895	22580
Xerox 1895	22584
Xerox 1895	24996
Xerox 1895	25349
Xerox 1895	25608
Xerox 1895	26934
Xerox 1895	32580
Xerox 1895	32584
Xerox 1895	34996
Xerox 1895	35349
Xerox 1895	35608
Xerox 1895	36934
Xerox 1895	42580
Xerox 1895	42584
Xerox 1895	44996
Xerox 1895	45349
Xerox 1895	45608
Xerox 1895	46934
Xerox 1896	1268
Xerox 1896	1469
Xerox 1896	5408
Xerox 1896	7471
Xerox 1896	8898
Xerox 1896	11268
Xerox 1896	11469
Xerox 1896	15408
Xerox 1896	17471
Xerox 1896	18898
Xerox 1896	21268
Xerox 1896	21469
Xerox 1896	25408
Xerox 1896	27471
Xerox 1896	28898
Xerox 1896	31268
Xerox 1896	31469
Xerox 1896	35408
Xerox 1896	37471
Xerox 1896	38898
Xerox 1896	41268
Xerox 1896	41469
Xerox 1896	45408
Xerox 1896	47471
Xerox 1896	48898
Xerox 1897	257
Xerox 1897	2521
Xerox 1897	4010
Xerox 1897	4828
Xerox 1897	4948
Xerox 1897	5651
Xerox 1897	6838
Xerox 1897	8195
Xerox 1897	9622
Xerox 1897	10257
Xerox 1897	12521
Xerox 1897	14010
Xerox 1897	14828
Xerox 1897	14948
Xerox 1897	15651
Xerox 1897	16838
Xerox 1897	18195
Xerox 1897	19622
Xerox 1897	20257
Xerox 1897	22521
Xerox 1897	24010
Xerox 1897	24828
Xerox 1897	24948
Xerox 1897	25651
Xerox 1897	26838
Xerox 1897	28195
Xerox 1897	29622
Xerox 1897	30257
Xerox 1897	32521
Xerox 1897	34010
Xerox 1897	34828
Xerox 1897	34948
Xerox 1897	35651
Xerox 1897	36838
Xerox 1897	38195
Xerox 1897	39622
Xerox 1897	40257
Xerox 1897	42521
Xerox 1897	44010
Xerox 1897	44828
Xerox 1897	44948
Xerox 1897	45651
Xerox 1897	46838
Xerox 1897	48195
Xerox 1897	49622
Xerox 1898	697
Xerox 1898	3524
Xerox 1898	4035
Xerox 1898	6459
Xerox 1898	7085
Xerox 1898	7316
Xerox 1898	8242
Xerox 1898	8512
Xerox 1898	8743
Xerox 1898	9669
Xerox 1898	9939
Xerox 1898	10697
Xerox 1898	13524
Xerox 1898	14035
Xerox 1898	16459
Xerox 1898	17085
Xerox 1898	17316
Xerox 1898	18242
Xerox 1898	18512
Xerox 1898	18743
Xerox 1898	19669
Xerox 1898	19939
Xerox 1898	20697
Xerox 1898	23524
Xerox 1898	24035
Xerox 1898	26459
Xerox 1898	27085
Xerox 1898	27316
Xerox 1898	28242
Xerox 1898	28512
Xerox 1898	28743
Xerox 1898	29669
Xerox 1898	29939
Xerox 1898	30697
Xerox 1898	33524
Xerox 1898	34035
Xerox 1898	36459
Xerox 1898	37085
Xerox 1898	37316
Xerox 1898	38242
Xerox 1898	38512
Xerox 1898	38743
Xerox 1898	39669
Xerox 1898	39939
Xerox 1898	40697
Xerox 1898	43524
Xerox 1898	44035
Xerox 1898	46459
Xerox 1898	47085
Xerox 1898	47316
Xerox 1898	48242
Xerox 1898	48512
Xerox 1898	48743
Xerox 1898	49669
Xerox 1898	49939
Xerox 1899	775
Xerox 1899	2108
Xerox 1899	2357
Xerox 1899	3945
Xerox 1899	6605
Xerox 1899	6925
Xerox 1899	7615
Xerox 1899	8281
Xerox 1899	9042
Xerox 1899	9708
Xerox 1899	10775
Xerox 1899	12108
Xerox 1899	12357
Xerox 1899	13945
Xerox 1899	16605
Xerox 1899	16925
Xerox 1899	17615
Xerox 1899	18281
Xerox 1899	19042
Xerox 1899	19708
Xerox 1899	20775
Xerox 1899	22108
Xerox 1899	22357
Xerox 1899	23945
Xerox 1899	26605
Xerox 1899	26925
Xerox 1899	27615
Xerox 1899	28281
Xerox 1899	29042
Xerox 1899	29708
Xerox 1899	30775
Xerox 1899	32108
Xerox 1899	32357
Xerox 1899	33945
Xerox 1899	36605
Xerox 1899	36925
Xerox 1899	37615
Xerox 1899	38281
Xerox 1899	39042
Xerox 1899	39708
Xerox 1899	40775
Xerox 1899	42108
Xerox 1899	42357
Xerox 1899	43945
Xerox 1899	46605
Xerox 1899	46925
Xerox 1899	47615
Xerox 1899	48281
Xerox 1899	49042
Xerox 1899	49708
Xerox 19	3557
Xerox 19	5675
Xerox 19	6221
Xerox 19	6305
Xerox 19	7358
Xerox 19	8785
Xerox 19	13557
Xerox 19	15675
Xerox 19	16221
Xerox 19	16305
Xerox 19	17358
Xerox 19	18785
Xerox 19	23557
Xerox 19	25675
Xerox 19	26221
Xerox 19	26305
Xerox 19	27358
Xerox 19	28785
Xerox 19	33557
Xerox 19	35675
Xerox 19	36221
Xerox 19	36305
Xerox 19	37358
Xerox 19	38785
Xerox 19	43557
Xerox 19	45675
Xerox 19	46221
Xerox 19	46305
Xerox 19	47358
Xerox 19	48785
Xerox 190	210
Xerox 190	1178
Xerox 190	1932
Xerox 190	5503
Xerox 190	7060
Xerox 190	8144
Xerox 190	8487
Xerox 190	9571
Xerox 190	9914
Xerox 190	10210
Xerox 190	11178
Xerox 190	11932
Xerox 190	15503
Xerox 190	17060
Xerox 190	18144
Xerox 190	18487
Xerox 190	19571
Xerox 190	19914
Xerox 190	20210
Xerox 190	21178
Xerox 190	21932
Xerox 190	25503
Xerox 190	27060
Xerox 190	28144
Xerox 190	28487
Xerox 190	29571
Xerox 190	29914
Xerox 190	30210
Xerox 190	31178
Xerox 190	31932
Xerox 190	35503
Xerox 190	37060
Xerox 190	38144
Xerox 190	38487
Xerox 190	39571
Xerox 190	39914
Xerox 190	40210
Xerox 190	41178
Xerox 190	41932
Xerox 190	45503
Xerox 190	47060
Xerox 190	48144
Xerox 190	48487
Xerox 190	49571
Xerox 190	49914
Xerox 1903	1153
Xerox 1903	2616
Xerox 1903	5062
Xerox 1903	8154
Xerox 1903	9581
Xerox 1903	11153
Xerox 1903	12616
Xerox 1903	15062
Xerox 1903	18154
Xerox 1903	19581
Xerox 1903	21153
Xerox 1903	22616
Xerox 1903	25062
Xerox 1903	28154
Xerox 1903	29581
Xerox 1903	31153
Xerox 1903	32616
Xerox 1903	35062
Xerox 1903	38154
Xerox 1903	39581
Xerox 1903	41153
Xerox 1903	42616
Xerox 1903	45062
Xerox 1903	48154
Xerox 1903	49581
Xerox 1904	81
Xerox 1904	2625
Xerox 1904	3889
Xerox 1904	4674
Xerox 1904	7975
Xerox 1904	9402
Xerox 1904	10081
Xerox 1904	12625
Xerox 1904	13889
Xerox 1904	14674
Xerox 1904	17975
Xerox 1904	19402
Xerox 1904	20081
Xerox 1904	22625
Xerox 1904	23889
Xerox 1904	24674
Xerox 1904	27975
Xerox 1904	29402
Xerox 1904	30081
Xerox 1904	32625
Xerox 1904	33889
Xerox 1904	34674
Xerox 1904	37975
Xerox 1904	39402
Xerox 1904	40081
Xerox 1904	42625
Xerox 1904	43889
Xerox 1904	44674
Xerox 1904	47975
Xerox 1904	49402
Xerox 1905	482
Xerox 1905	997
Xerox 1905	1085
Xerox 1905	2866
Xerox 1905	4785
Xerox 1905	6306
Xerox 1905	6425
Xerox 1905	6609
Xerox 1905	7451
Xerox 1905	8313
Xerox 1905	8878
Xerox 1905	9740
Xerox 1905	10482
Xerox 1905	10997
Xerox 1905	11085
Xerox 1905	12866
Xerox 1905	14785
Xerox 1905	16306
Xerox 1905	16425
Xerox 1905	16609
Xerox 1905	17451
Xerox 1905	18313
Xerox 1905	18878
Xerox 1905	19740
Xerox 1905	20482
Xerox 1905	20997
Xerox 1905	21085
Xerox 1905	22866
Xerox 1905	24785
Xerox 1905	26306
Xerox 1905	26425
Xerox 1905	26609
Xerox 1905	27451
Xerox 1905	28313
Xerox 1905	28878
Xerox 1905	29740
Xerox 1905	30482
Xerox 1905	30997
Xerox 1905	31085
Xerox 1905	32866
Xerox 1905	34785
Xerox 1905	36306
Xerox 1905	36425
Xerox 1905	36609
Xerox 1905	37451
Xerox 1905	38313
Xerox 1905	38878
Xerox 1905	39740
Xerox 1905	40482
Xerox 1905	40997
Xerox 1905	41085
Xerox 1905	42866
Xerox 1905	44785
Xerox 1905	46306
Xerox 1905	46425
Xerox 1905	46609
Xerox 1905	47451
Xerox 1905	48313
Xerox 1905	48878
Xerox 1905	49740
Xerox 1906	127
Xerox 1906	1419
Xerox 1906	1810
Xerox 1906	5384
Xerox 1906	8245
Xerox 1906	9672
Xerox 1906	10127
Xerox 1906	11419
Xerox 1906	11810
Xerox 1906	15384
Xerox 1906	18245
Xerox 1906	19672
Xerox 1906	20127
Xerox 1906	21419
Xerox 1906	21810
Xerox 1906	25384
Xerox 1906	28245
Xerox 1906	29672
Xerox 1906	30127
Xerox 1906	31419
Xerox 1906	31810
Xerox 1906	35384
Xerox 1906	38245
Xerox 1906	39672
Xerox 1906	40127
Xerox 1906	41419
Xerox 1906	41810
Xerox 1906	45384
Xerox 1906	48245
Xerox 1906	49672
Xerox 1907	1250
Xerox 1907	4337
Xerox 1907	4379
Xerox 1907	11250
Xerox 1907	14337
Xerox 1907	14379
Xerox 1907	21250
Xerox 1907	24337
Xerox 1907	24379
Xerox 1907	31250
Xerox 1907	34337
Xerox 1907	34379
Xerox 1907	41250
Xerox 1907	44337
Xerox 1907	44379
Xerox 1908	1989
Xerox 1908	2145
Xerox 1908	2469
Xerox 1908	2503
Xerox 1908	5520
Xerox 1908	6836
Xerox 1908	8026
Xerox 1908	9453
Xerox 1908	11989
Xerox 1908	12145
Xerox 1908	12469
Xerox 1908	12503
Xerox 1908	15520
Xerox 1908	16836
Xerox 1908	18026
Xerox 1908	19453
Xerox 1908	21989
Xerox 1908	22145
Xerox 1908	22469
Xerox 1908	22503
Xerox 1908	25520
Xerox 1908	26836
Xerox 1908	28026
Xerox 1908	29453
Xerox 1908	31989
Xerox 1908	32145
Xerox 1908	32469
Xerox 1908	32503
Xerox 1908	35520
Xerox 1908	36836
Xerox 1908	38026
Xerox 1908	39453
Xerox 1908	41989
Xerox 1908	42145
Xerox 1908	42469
Xerox 1908	42503
Xerox 1908	45520
Xerox 1908	46836
Xerox 1908	48026
Xerox 1908	49453
Xerox 191	2230
Xerox 191	6111
Xerox 191	6228
Xerox 191	6952
Xerox 191	12230
Xerox 191	16111
Xerox 191	16228
Xerox 191	16952
Xerox 191	22230
Xerox 191	26111
Xerox 191	26228
Xerox 191	26952
Xerox 191	32230
Xerox 191	36111
Xerox 191	36228
Xerox 191	36952
Xerox 191	42230
Xerox 191	46111
Xerox 191	46228
Xerox 191	46952
Xerox 1910	1355
Xerox 1910	4913
Xerox 1910	6763
Xerox 1910	11355
Xerox 1910	14913
Xerox 1910	16763
Xerox 1910	21355
Xerox 1910	24913
Xerox 1910	26763
Xerox 1910	31355
Xerox 1910	34913
Xerox 1910	36763
Xerox 1910	41355
Xerox 1910	44913
Xerox 1910	46763
Xerox 1916	2565
Xerox 1916	4618
Xerox 1916	4988
Xerox 1916	12565
Xerox 1916	14618
Xerox 1916	14988
Xerox 1916	22565
Xerox 1916	24618
Xerox 1916	24988
Xerox 1916	32565
Xerox 1916	34618
Xerox 1916	34988
Xerox 1916	42565
Xerox 1916	44618
Xerox 1916	44988
Xerox 1917	2113
Xerox 1917	4315
Xerox 1917	5532
Xerox 1917	12113
Xerox 1917	14315
Xerox 1917	15532
Xerox 1917	22113
Xerox 1917	24315
Xerox 1917	25532
Xerox 1917	32113
Xerox 1917	34315
Xerox 1917	35532
Xerox 1917	42113
Xerox 1917	44315
Xerox 1917	45532
Xerox 1919	951
Xerox 1919	1187
Xerox 1919	2601
Xerox 1919	10951
Xerox 1919	11187
Xerox 1919	12601
Xerox 1919	20951
Xerox 1919	21187
Xerox 1919	22601
Xerox 1919	30951
Xerox 1919	31187
Xerox 1919	32601
Xerox 1919	40951
Xerox 1919	41187
Xerox 1919	42601
Xerox 1920	549
Xerox 1920	583
Xerox 1920	1135
Xerox 1920	1297
Xerox 1920	1478
Xerox 1920	2340
Xerox 1920	2927
Xerox 1920	4719
Xerox 1920	7126
Xerox 1920	8553
Xerox 1920	9980
Xerox 1920	10549
Xerox 1920	10583
Xerox 1920	11135
Xerox 1920	11297
Xerox 1920	11478
Xerox 1920	12340
Xerox 1920	12927
Xerox 1920	14719
Xerox 1920	17126
Xerox 1920	18553
Xerox 1920	19980
Xerox 1920	20549
Xerox 1920	20583
Xerox 1920	21135
Xerox 1920	21297
Xerox 1920	21478
Xerox 1920	22340
Xerox 1920	22927
Xerox 1920	24719
Xerox 1920	27126
Xerox 1920	28553
Xerox 1920	29980
Xerox 1920	30549
Xerox 1920	30583
Xerox 1920	31135
Xerox 1920	31297
Xerox 1920	31478
Xerox 1920	32340
Xerox 1920	32927
Xerox 1920	34719
Xerox 1920	37126
Xerox 1920	38553
Xerox 1920	39980
Xerox 1920	40549
Xerox 1920	40583
Xerox 1920	41135
Xerox 1920	41297
Xerox 1920	41478
Xerox 1920	42340
Xerox 1920	42927
Xerox 1920	44719
Xerox 1920	47126
Xerox 1920	48553
Xerox 1920	49980
Xerox 1922	1725
Xerox 1922	2167
Xerox 1922	2205
Xerox 1922	3806
Xerox 1922	4094
Xerox 1922	4265
Xerox 1922	4938
Xerox 1922	5028
Xerox 1922	5770
Xerox 1922	6122
Xerox 1922	6394
Xerox 1922	6528
Xerox 1922	8013
Xerox 1922	9440
Xerox 1922	11725
Xerox 1922	12167
Xerox 1922	12205
Xerox 1922	13806
Xerox 1922	14094
Xerox 1922	14265
Xerox 1922	14938
Xerox 1922	15028
Xerox 1922	15770
Xerox 1922	16122
Xerox 1922	16394
Xerox 1922	16528
Xerox 1922	18013
Xerox 1922	19440
Xerox 1922	21725
Xerox 1922	22167
Xerox 1922	22205
Xerox 1922	23806
Xerox 1922	24094
Xerox 1922	24265
Xerox 1922	24938
Xerox 1922	25028
Xerox 1922	25770
Xerox 1922	26122
Xerox 1922	26394
Xerox 1922	26528
Xerox 1922	28013
Xerox 1922	29440
Xerox 1922	31725
Xerox 1922	32167
Xerox 1922	32205
Xerox 1922	33806
Xerox 1922	34094
Xerox 1922	34265
Xerox 1922	34938
Xerox 1922	35028
Xerox 1922	35770
Xerox 1922	36122
Xerox 1922	36394
Xerox 1922	36528
Xerox 1922	38013
Xerox 1922	39440
Xerox 1922	41725
Xerox 1922	42167
Xerox 1922	42205
Xerox 1922	43806
Xerox 1922	44094
Xerox 1922	44265
Xerox 1922	44938
Xerox 1922	45028
Xerox 1922	45770
Xerox 1922	46122
Xerox 1922	46394
Xerox 1922	46528
Xerox 1922	48013
Xerox 1922	49440
Xerox 1923	1026
Xerox 1923	1461
Xerox 1923	2926
Xerox 1923	4818
Xerox 1923	6140
Xerox 1923	7363
Xerox 1923	8064
Xerox 1923	8094
Xerox 1923	8790
Xerox 1923	9491
Xerox 1923	9521
Xerox 1923	11026
Xerox 1923	11461
Xerox 1923	12926
Xerox 1923	14818
Xerox 1923	16140
Xerox 1923	17363
Xerox 1923	18064
Xerox 1923	18094
Xerox 1923	18790
Xerox 1923	19491
Xerox 1923	19521
Xerox 1923	21026
Xerox 1923	21461
Xerox 1923	22926
Xerox 1923	24818
Xerox 1923	26140
Xerox 1923	27363
Xerox 1923	28064
Xerox 1923	28094
Xerox 1923	28790
Xerox 1923	29491
Xerox 1923	29521
Xerox 1923	31026
Xerox 1923	31461
Xerox 1923	32926
Xerox 1923	34818
Xerox 1923	36140
Xerox 1923	37363
Xerox 1923	38064
Xerox 1923	38094
Xerox 1923	38790
Xerox 1923	39491
Xerox 1923	39521
Xerox 1923	41026
Xerox 1923	41461
Xerox 1923	42926
Xerox 1923	44818
Xerox 1923	46140
Xerox 1923	47363
Xerox 1923	48064
Xerox 1923	48094
Xerox 1923	48790
Xerox 1923	49491
Xerox 1923	49521
Xerox 1924	162
Xerox 1924	3882
Xerox 1924	4208
Xerox 1924	4801
Xerox 1924	10162
Xerox 1924	13882
Xerox 1924	14208
Xerox 1924	14801
Xerox 1924	20162
Xerox 1924	23882
Xerox 1924	24208
Xerox 1924	24801
Xerox 1924	30162
Xerox 1924	33882
Xerox 1924	34208
Xerox 1924	34801
Xerox 1924	40162
Xerox 1924	43882
Xerox 1924	44208
Xerox 1924	44801
Xerox 1926	4932
Xerox 1926	5550
Xerox 1926	14932
Xerox 1926	15550
Xerox 1926	24932
Xerox 1926	25550
Xerox 1926	34932
Xerox 1926	35550
Xerox 1926	44932
Xerox 1926	45550
Xerox 1927	1334
Xerox 1927	1893
Xerox 1927	1909
Xerox 1927	2079
Xerox 1927	2228
Xerox 1927	3061
Xerox 1927	3259
Xerox 1927	4615
Xerox 1927	4825
Xerox 1927	4992
Xerox 1927	8170
Xerox 1927	9597
Xerox 1927	11334
Xerox 1927	11893
Xerox 1927	11909
Xerox 1927	12079
Xerox 1927	12228
Xerox 1927	13061
Xerox 1927	13259
Xerox 1927	14615
Xerox 1927	14825
Xerox 1927	14992
Xerox 1927	18170
Xerox 1927	19597
Xerox 1927	21334
Xerox 1927	21893
Xerox 1927	21909
Xerox 1927	22079
Xerox 1927	22228
Xerox 1927	23061
Xerox 1927	23259
Xerox 1927	24615
Xerox 1927	24825
Xerox 1927	24992
Xerox 1927	28170
Xerox 1927	29597
Xerox 1927	31334
Xerox 1927	31893
Xerox 1927	31909
Xerox 1927	32079
Xerox 1927	32228
Xerox 1927	33061
Xerox 1927	33259
Xerox 1927	34615
Xerox 1927	34825
Xerox 1927	34992
Xerox 1927	38170
Xerox 1927	39597
Xerox 1927	41334
Xerox 1927	41893
Xerox 1927	41909
Xerox 1927	42079
Xerox 1927	42228
Xerox 1927	43061
Xerox 1927	43259
Xerox 1927	44615
Xerox 1927	44825
Xerox 1927	44992
Xerox 1927	48170
Xerox 1927	49597
Xerox 1928	550
Xerox 1928	1914
Xerox 1928	2639
Xerox 1928	3734
Xerox 1928	4734
Xerox 1928	7465
Xerox 1928	8892
Xerox 1928	10550
Xerox 1928	11914
Xerox 1928	12639
Xerox 1928	13734
Xerox 1928	14734
Xerox 1928	17465
Xerox 1928	18892
Xerox 1928	20550
Xerox 1928	21914
Xerox 1928	22639
Xerox 1928	23734
Xerox 1928	24734
Xerox 1928	27465
Xerox 1928	28892
Xerox 1928	30550
Xerox 1928	31914
Xerox 1928	32639
Xerox 1928	33734
Xerox 1928	34734
Xerox 1928	37465
Xerox 1928	38892
Xerox 1928	40550
Xerox 1928	41914
Xerox 1928	42639
Xerox 1928	43734
Xerox 1928	44734
Xerox 1928	47465
Xerox 1928	48892
Xerox 1929	233
Xerox 1929	4779
Xerox 1929	5924
Xerox 1929	6606
Xerox 1929	6956
Xerox 1929	10233
Xerox 1929	14779
Xerox 1929	15924
Xerox 1929	16606
Xerox 1929	16956
Xerox 1929	20233
Xerox 1929	24779
Xerox 1929	25924
Xerox 1929	26606
Xerox 1929	26956
Xerox 1929	30233
Xerox 1929	34779
Xerox 1929	35924
Xerox 1929	36606
Xerox 1929	36956
Xerox 1929	40233
Xerox 1929	44779
Xerox 1929	45924
Xerox 1929	46606
Xerox 1929	46956
Xerox 193	1322
Xerox 193	1827
Xerox 193	2293
Xerox 193	3157
Xerox 193	6581
Xerox 193	7917
Xerox 193	8308
Xerox 193	9344
Xerox 193	9735
Xerox 193	11322
Xerox 193	11827
Xerox 193	12293
Xerox 193	13157
Xerox 193	16581
Xerox 193	17917
Xerox 193	18308
Xerox 193	19344
Xerox 193	19735
Xerox 193	21322
Xerox 193	21827
Xerox 193	22293
Xerox 193	23157
Xerox 193	26581
Xerox 193	27917
Xerox 193	28308
Xerox 193	29344
Xerox 193	29735
Xerox 193	31322
Xerox 193	31827
Xerox 193	32293
Xerox 193	33157
Xerox 193	36581
Xerox 193	37917
Xerox 193	38308
Xerox 193	39344
Xerox 193	39735
Xerox 193	41322
Xerox 193	41827
Xerox 193	42293
Xerox 193	43157
Xerox 193	46581
Xerox 193	47917
Xerox 193	48308
Xerox 193	49344
Xerox 193	49735
Xerox 1930	200
Xerox 1930	1842
Xerox 1930	2024
Xerox 1930	5888
Xerox 1930	5926
Xerox 1930	6725
Xerox 1930	7640
Xerox 1930	9067
Xerox 1930	10200
Xerox 1930	11842
Xerox 1930	12024
Xerox 1930	15888
Xerox 1930	15926
Xerox 1930	16725
Xerox 1930	17640
Xerox 1930	19067
Xerox 1930	20200
Xerox 1930	21842
Xerox 1930	22024
Xerox 1930	25888
Xerox 1930	25926
Xerox 1930	26725
Xerox 1930	27640
Xerox 1930	29067
Xerox 1930	30200
Xerox 1930	31842
Xerox 1930	32024
Xerox 1930	35888
Xerox 1930	35926
Xerox 1930	36725
Xerox 1930	37640
Xerox 1930	39067
Xerox 1930	40200
Xerox 1930	41842
Xerox 1930	42024
Xerox 1930	45888
Xerox 1930	45926
Xerox 1930	46725
Xerox 1930	47640
Xerox 1930	49067
Xerox 1932	130
Xerox 1932	1491
Xerox 1932	3564
Xerox 1932	4214
Xerox 1932	4292
Xerox 1932	5607
Xerox 1932	6034
Xerox 1932	7563
Xerox 1932	8990
Xerox 1932	10130
Xerox 1932	11491
Xerox 1932	13564
Xerox 1932	14214
Xerox 1932	14292
Xerox 1932	15607
Xerox 1932	16034
Xerox 1932	17563
Xerox 1932	18990
Xerox 1932	20130
Xerox 1932	21491
Xerox 1932	23564
Xerox 1932	24214
Xerox 1932	24292
Xerox 1932	25607
Xerox 1932	26034
Xerox 1932	27563
Xerox 1932	28990
Xerox 1932	30130
Xerox 1932	31491
Xerox 1932	33564
Xerox 1932	34214
Xerox 1932	34292
Xerox 1932	35607
Xerox 1932	36034
Xerox 1932	37563
Xerox 1932	38990
Xerox 1932	40130
Xerox 1932	41491
Xerox 1932	43564
Xerox 1932	44214
Xerox 1932	44292
Xerox 1932	45607
Xerox 1932	46034
Xerox 1932	47563
Xerox 1932	48990
Xerox 1933	1896
Xerox 1933	2884
Xerox 1933	3044
Xerox 1933	6068
Xerox 1933	6944
Xerox 1933	8322
Xerox 1933	9749
Xerox 1933	11896
Xerox 1933	12884
Xerox 1933	13044
Xerox 1933	16068
Xerox 1933	16944
Xerox 1933	18322
Xerox 1933	19749
Xerox 1933	21896
Xerox 1933	22884
Xerox 1933	23044
Xerox 1933	26068
Xerox 1933	26944
Xerox 1933	28322
Xerox 1933	29749
Xerox 1933	31896
Xerox 1933	32884
Xerox 1933	33044
Xerox 1933	36068
Xerox 1933	36944
Xerox 1933	38322
Xerox 1933	39749
Xerox 1933	41896
Xerox 1933	42884
Xerox 1933	43044
Xerox 1933	46068
Xerox 1933	46944
Xerox 1933	48322
Xerox 1933	49749
Xerox 1934	1739
Xerox 1934	5467
Xerox 1934	7603
Xerox 1934	9030
Xerox 1934	11739
Xerox 1934	15467
Xerox 1934	17603
Xerox 1934	19030
Xerox 1934	21739
Xerox 1934	25467
Xerox 1934	27603
Xerox 1934	29030
Xerox 1934	31739
Xerox 1934	35467
Xerox 1934	37603
Xerox 1934	39030
Xerox 1934	41739
Xerox 1934	45467
Xerox 1934	47603
Xerox 1934	49030
Xerox 1935	478
Xerox 1935	4331
Xerox 1935	8027
Xerox 1935	9454
Xerox 1935	10478
Xerox 1935	14331
Xerox 1935	18027
Xerox 1935	19454
Xerox 1935	20478
Xerox 1935	24331
Xerox 1935	28027
Xerox 1935	29454
Xerox 1935	30478
Xerox 1935	34331
Xerox 1935	38027
Xerox 1935	39454
Xerox 1935	40478
Xerox 1935	44331
Xerox 1935	48027
Xerox 1935	49454
Xerox 1936	77
Xerox 1936	668
Xerox 1936	2374
Xerox 1936	3486
Xerox 1936	3597
Xerox 1936	4421
Xerox 1936	5271
Xerox 1936	5420
Xerox 1936	6314
Xerox 1936	7405
Xerox 1936	7732
Xerox 1936	8832
Xerox 1936	9159
Xerox 1936	10077
Xerox 1936	10668
Xerox 1936	12374
Xerox 1936	13486
Xerox 1936	13597
Xerox 1936	14421
Xerox 1936	15271
Xerox 1936	15420
Xerox 1936	16314
Xerox 1936	17405
Xerox 1936	17732
Xerox 1936	18832
Xerox 1936	19159
Xerox 1936	20077
Xerox 1936	20668
Xerox 1936	22374
Xerox 1936	23486
Xerox 1936	23597
Xerox 1936	24421
Xerox 1936	25271
Xerox 1936	25420
Xerox 1936	26314
Xerox 1936	27405
Xerox 1936	27732
Xerox 1936	28832
Xerox 1936	29159
Xerox 1936	30077
Xerox 1936	30668
Xerox 1936	32374
Xerox 1936	33486
Xerox 1936	33597
Xerox 1936	34421
Xerox 1936	35271
Xerox 1936	35420
Xerox 1936	36314
Xerox 1936	37405
Xerox 1936	37732
Xerox 1936	38832
Xerox 1936	39159
Xerox 1936	40077
Xerox 1936	40668
Xerox 1936	42374
Xerox 1936	43486
Xerox 1936	43597
Xerox 1936	44421
Xerox 1936	45271
Xerox 1936	45420
Xerox 1936	46314
Xerox 1936	47405
Xerox 1936	47732
Xerox 1936	48832
Xerox 1936	49159
Xerox 1937	1167
Xerox 1937	3016
Xerox 1937	3452
Xerox 1937	4457
Xerox 1937	4555
Xerox 1937	4772
Xerox 1937	5071
Xerox 1937	7341
Xerox 1937	8120
Xerox 1937	8768
Xerox 1937	9547
Xerox 1937	11167
Xerox 1937	13016
Xerox 1937	13452
Xerox 1937	14457
Xerox 1937	14555
Xerox 1937	14772
Xerox 1937	15071
Xerox 1937	17341
Xerox 1937	18120
Xerox 1937	18768
Xerox 1937	19547
Xerox 1937	21167
Xerox 1937	23016
Xerox 1937	23452
Xerox 1937	24457
Xerox 1937	24555
Xerox 1937	24772
Xerox 1937	25071
Xerox 1937	27341
Xerox 1937	28120
Xerox 1937	28768
Xerox 1937	29547
Xerox 1937	31167
Xerox 1937	33016
Xerox 1937	33452
Xerox 1937	34457
Xerox 1937	34555
Xerox 1937	34772
Xerox 1937	35071
Xerox 1937	37341
Xerox 1937	38120
Xerox 1937	38768
Xerox 1937	39547
Xerox 1937	41167
Xerox 1937	43016
Xerox 1937	43452
Xerox 1937	44457
Xerox 1937	44555
Xerox 1937	44772
Xerox 1937	45071
Xerox 1937	47341
Xerox 1937	48120
Xerox 1937	48768
Xerox 1937	49547
Xerox 1938	976
Xerox 1938	2930
Xerox 1938	3887
Xerox 1938	6000
Xerox 1938	6672
Xerox 1938	8123
Xerox 1938	9550
Xerox 1938	10976
Xerox 1938	12930
Xerox 1938	13887
Xerox 1938	16000
Xerox 1938	16672
Xerox 1938	18123
Xerox 1938	19550
Xerox 1938	20976
Xerox 1938	22930
Xerox 1938	23887
Xerox 1938	26000
Xerox 1938	26672
Xerox 1938	28123
Xerox 1938	29550
Xerox 1938	30976
Xerox 1938	32930
Xerox 1938	33887
Xerox 1938	36000
Xerox 1938	36672
Xerox 1938	38123
Xerox 1938	39550
Xerox 1938	40976
Xerox 1938	42930
Xerox 1938	43887
Xerox 1938	46000
Xerox 1938	46672
Xerox 1938	48123
Xerox 1938	49550
Xerox 1939	551
Xerox 1939	1237
Xerox 1939	1972
Xerox 1939	2419
Xerox 1939	2624
Xerox 1939	4393
Xerox 1939	4706
Xerox 1939	6615
Xerox 1939	7291
Xerox 1939	7420
Xerox 1939	8240
Xerox 1939	8718
Xerox 1939	8847
Xerox 1939	9667
Xerox 1939	10551
Xerox 1939	11237
Xerox 1939	11972
Xerox 1939	12419
Xerox 1939	12624
Xerox 1939	14393
Xerox 1939	14706
Xerox 1939	16615
Xerox 1939	17291
Xerox 1939	17420
Xerox 1939	18240
Xerox 1939	18718
Xerox 1939	18847
Xerox 1939	19667
Xerox 1939	20551
Xerox 1939	21237
Xerox 1939	21972
Xerox 1939	22419
Xerox 1939	22624
Xerox 1939	24393
Xerox 1939	24706
Xerox 1939	26615
Xerox 1939	27291
Xerox 1939	27420
Xerox 1939	28240
Xerox 1939	28718
Xerox 1939	28847
Xerox 1939	29667
Xerox 1939	30551
Xerox 1939	31237
Xerox 1939	31972
Xerox 1939	32419
Xerox 1939	32624
Xerox 1939	34393
Xerox 1939	34706
Xerox 1939	36615
Xerox 1939	37291
Xerox 1939	37420
Xerox 1939	38240
Xerox 1939	38718
Xerox 1939	38847
Xerox 1939	39667
Xerox 1939	40551
Xerox 1939	41237
Xerox 1939	41972
Xerox 1939	42419
Xerox 1939	42624
Xerox 1939	44393
Xerox 1939	44706
Xerox 1939	46615
Xerox 1939	47291
Xerox 1939	47420
Xerox 1939	48240
Xerox 1939	48718
Xerox 1939	48847
Xerox 1939	49667
Xerox 194	470
Xerox 194	1317
Xerox 194	1820
Xerox 194	3215
Xerox 194	4367
Xerox 194	4607
Xerox 194	6408
Xerox 194	6695
Xerox 194	6825
Xerox 194	7077
Xerox 194	7682
Xerox 194	8319
Xerox 194	8504
Xerox 194	9109
Xerox 194	9746
Xerox 194	9931
Xerox 194	10470
Xerox 194	11317
Xerox 194	11820
Xerox 194	13215
Xerox 194	14367
Xerox 194	14607
Xerox 194	16408
Xerox 194	16695
Xerox 194	16825
Xerox 194	17077
Xerox 194	17682
Xerox 194	18319
Xerox 194	18504
Xerox 194	19109
Xerox 194	19746
Xerox 194	19931
Xerox 194	20470
Xerox 194	21317
Xerox 194	21820
Xerox 194	23215
Xerox 194	24367
Xerox 194	24607
Xerox 194	26408
Xerox 194	26695
Xerox 194	26825
Xerox 194	27077
Xerox 194	27682
Xerox 194	28319
Xerox 194	28504
Xerox 194	29109
Xerox 194	29746
Xerox 194	29931
Xerox 194	30470
Xerox 194	31317
Xerox 194	31820
Xerox 194	33215
Xerox 194	34367
Xerox 194	34607
Xerox 194	36408
Xerox 194	36695
Xerox 194	36825
Xerox 194	37077
Xerox 194	37682
Xerox 194	38319
Xerox 194	38504
Xerox 194	39109
Xerox 194	39746
Xerox 194	39931
Xerox 194	40470
Xerox 194	41317
Xerox 194	41820
Xerox 194	43215
Xerox 194	44367
Xerox 194	44607
Xerox 194	46408
Xerox 194	46695
Xerox 194	46825
Xerox 194	47077
Xerox 194	47682
Xerox 194	48319
Xerox 194	48504
Xerox 194	49109
Xerox 194	49746
Xerox 194	49931
Xerox 1940	255
Xerox 1940	1539
Xerox 1940	1897
Xerox 1940	2042
Xerox 1940	2612
Xerox 1940	3228
Xerox 1940	3977
Xerox 1940	4184
Xerox 1940	5255
Xerox 1940	6473
Xerox 1940	10255
Xerox 1940	11539
Xerox 1940	11897
Xerox 1940	12042
Xerox 1940	12612
Xerox 1940	13228
Xerox 1940	13977
Xerox 1940	14184
Xerox 1940	15255
Xerox 1940	16473
Xerox 1940	20255
Xerox 1940	21539
Xerox 1940	21897
Xerox 1940	22042
Xerox 1940	22612
Xerox 1940	23228
Xerox 1940	23977
Xerox 1940	24184
Xerox 1940	25255
Xerox 1940	26473
Xerox 1940	30255
Xerox 1940	31539
Xerox 1940	31897
Xerox 1940	32042
Xerox 1940	32612
Xerox 1940	33228
Xerox 1940	33977
Xerox 1940	34184
Xerox 1940	35255
Xerox 1940	36473
Xerox 1940	40255
Xerox 1940	41539
Xerox 1940	41897
Xerox 1940	42042
Xerox 1940	42612
Xerox 1940	43228
Xerox 1940	43977
Xerox 1940	44184
Xerox 1940	45255
Xerox 1940	46473
Xerox 1941	653
Xerox 1941	3550
Xerox 1941	10653
Xerox 1941	13550
Xerox 1941	20653
Xerox 1941	23550
Xerox 1941	30653
Xerox 1941	33550
Xerox 1941	40653
Xerox 1941	43550
Xerox 1947	1050
Xerox 1947	1122
Xerox 1947	3126
Xerox 1947	3843
Xerox 1947	4325
Xerox 1947	4791
Xerox 1947	8208
Xerox 1947	9635
Xerox 1947	11050
Xerox 1947	11122
Xerox 1947	13126
Xerox 1947	13843
Xerox 1947	14325
Xerox 1947	14791
Xerox 1947	18208
Xerox 1947	19635
Xerox 1947	21050
Xerox 1947	21122
Xerox 1947	23126
Xerox 1947	23843
Xerox 1947	24325
Xerox 1947	24791
Xerox 1947	28208
Xerox 1947	29635
Xerox 1947	31050
Xerox 1947	31122
Xerox 1947	33126
Xerox 1947	33843
Xerox 1947	34325
Xerox 1947	34791
Xerox 1947	38208
Xerox 1947	39635
Xerox 1947	41050
Xerox 1947	41122
Xerox 1947	43126
Xerox 1947	43843
Xerox 1947	44325
Xerox 1947	44791
Xerox 1947	48208
Xerox 1947	49635
Xerox 1948	1996
Xerox 1948	2075
Xerox 1948	4285
Xerox 1948	11996
Xerox 1948	12075
Xerox 1948	14285
Xerox 1948	21996
Xerox 1948	22075
Xerox 1948	24285
Xerox 1948	31996
Xerox 1948	32075
Xerox 1948	34285
Xerox 1948	41996
Xerox 1948	42075
Xerox 1948	44285
Xerox 1949	1235
Xerox 1949	1907
Xerox 1949	3463
Xerox 1949	4572
Xerox 1949	4646
Xerox 1949	5518
Xerox 1949	6448
Xerox 1949	6884
Xerox 1949	7217
Xerox 1949	7503
Xerox 1949	8132
Xerox 1949	8257
Xerox 1949	8644
Xerox 1949	8930
Xerox 1949	9559
Xerox 1949	9684
Xerox 1949	11235
Xerox 1949	11907
Xerox 1949	13463
Xerox 1949	14572
Xerox 1949	14646
Xerox 1949	15518
Xerox 1949	16448
Xerox 1949	16884
Xerox 1949	17217
Xerox 1949	17503
Xerox 1949	18132
Xerox 1949	18257
Xerox 1949	18644
Xerox 1949	18930
Xerox 1949	19559
Xerox 1949	19684
Xerox 1949	21235
Xerox 1949	21907
Xerox 1949	23463
Xerox 1949	24572
Xerox 1949	24646
Xerox 1949	25518
Xerox 1949	26448
Xerox 1949	26884
Xerox 1949	27217
Xerox 1949	27503
Xerox 1949	28132
Xerox 1949	28257
Xerox 1949	28644
Xerox 1949	28930
Xerox 1949	29559
Xerox 1949	29684
Xerox 1949	31235
Xerox 1949	31907
Xerox 1949	33463
Xerox 1949	34572
Xerox 1949	34646
Xerox 1949	35518
Xerox 1949	36448
Xerox 1949	36884
Xerox 1949	37217
Xerox 1949	37503
Xerox 1949	38132
Xerox 1949	38257
Xerox 1949	38644
Xerox 1949	38930
Xerox 1949	39559
Xerox 1949	39684
Xerox 1949	41235
Xerox 1949	41907
Xerox 1949	43463
Xerox 1949	44572
Xerox 1949	44646
Xerox 1949	45518
Xerox 1949	46448
Xerox 1949	46884
Xerox 1949	47217
Xerox 1949	47503
Xerox 1949	48132
Xerox 1949	48257
Xerox 1949	48644
Xerox 1949	48930
Xerox 1949	49559
Xerox 1949	49684
Xerox 195	4733
Xerox 195	5244
Xerox 195	5909
Xerox 195	7993
Xerox 195	9420
Xerox 195	14733
Xerox 195	15244
Xerox 195	15909
Xerox 195	17993
Xerox 195	19420
Xerox 195	24733
Xerox 195	25244
Xerox 195	25909
Xerox 195	27993
Xerox 195	29420
Xerox 195	34733
Xerox 195	35244
Xerox 195	35909
Xerox 195	37993
Xerox 195	39420
Xerox 195	44733
Xerox 195	45244
Xerox 195	45909
Xerox 195	47993
Xerox 195	49420
Xerox 1950	1052
Xerox 1950	7512
Xerox 1950	8145
Xerox 1950	8939
Xerox 1950	9572
Xerox 1950	11052
Xerox 1950	17512
Xerox 1950	18145
Xerox 1950	18939
Xerox 1950	19572
Xerox 1950	21052
Xerox 1950	27512
Xerox 1950	28145
Xerox 1950	28939
Xerox 1950	29572
Xerox 1950	31052
Xerox 1950	37512
Xerox 1950	38145
Xerox 1950	38939
Xerox 1950	39572
Xerox 1950	41052
Xerox 1950	47512
Xerox 1950	48145
Xerox 1950	48939
Xerox 1950	49572
Xerox 1951	3022
Xerox 1951	4124
Xerox 1951	4538
Xerox 1951	5531
Xerox 1951	13022
Xerox 1951	14124
Xerox 1951	14538
Xerox 1951	15531
Xerox 1951	23022
Xerox 1951	24124
Xerox 1951	24538
Xerox 1951	25531
Xerox 1951	33022
Xerox 1951	34124
Xerox 1951	34538
Xerox 1951	35531
Xerox 1951	43022
Xerox 1951	44124
Xerox 1951	44538
Xerox 1951	45531
Xerox 1952	1888
Xerox 1952	2033
Xerox 1952	2455
Xerox 1952	2899
Xerox 1952	3827
Xerox 1952	3885
Xerox 1952	4355
Xerox 1952	5340
Xerox 1952	5396
Xerox 1952	5666
Xerox 1952	8378
Xerox 1952	8407
Xerox 1952	9805
Xerox 1952	9834
Xerox 1952	11888
Xerox 1952	12033
Xerox 1952	12455
Xerox 1952	12899
Xerox 1952	13827
Xerox 1952	13885
Xerox 1952	14355
Xerox 1952	15340
Xerox 1952	15396
Xerox 1952	15666
Xerox 1952	18378
Xerox 1952	18407
Xerox 1952	19805
Xerox 1952	19834
Xerox 1952	21888
Xerox 1952	22033
Xerox 1952	22455
Xerox 1952	22899
Xerox 1952	23827
Xerox 1952	23885
Xerox 1952	24355
Xerox 1952	25340
Xerox 1952	25396
Xerox 1952	25666
Xerox 1952	28378
Xerox 1952	28407
Xerox 1952	29805
Xerox 1952	29834
Xerox 1952	31888
Xerox 1952	32033
Xerox 1952	32455
Xerox 1952	32899
Xerox 1952	33827
Xerox 1952	33885
Xerox 1952	34355
Xerox 1952	35340
Xerox 1952	35396
Xerox 1952	35666
Xerox 1952	38378
Xerox 1952	38407
Xerox 1952	39805
Xerox 1952	39834
Xerox 1952	41888
Xerox 1952	42033
Xerox 1952	42455
Xerox 1952	42899
Xerox 1952	43827
Xerox 1952	43885
Xerox 1952	44355
Xerox 1952	45340
Xerox 1952	45396
Xerox 1952	45666
Xerox 1952	48378
Xerox 1952	48407
Xerox 1952	49805
Xerox 1952	49834
Xerox 1953	644
Xerox 1953	2080
Xerox 1953	3307
Xerox 1953	5849
Xerox 1953	10644
Xerox 1953	12080
Xerox 1953	13307
Xerox 1953	15849
Xerox 1953	20644
Xerox 1953	22080
Xerox 1953	23307
Xerox 1953	25849
Xerox 1953	30644
Xerox 1953	32080
Xerox 1953	33307
Xerox 1953	35849
Xerox 1953	40644
Xerox 1953	42080
Xerox 1953	43307
Xerox 1953	45849
Xerox 1954	4747
Xerox 1954	7161
Xerox 1954	8588
Xerox 1954	14747
Xerox 1954	17161
Xerox 1954	18588
Xerox 1954	24747
Xerox 1954	27161
Xerox 1954	28588
Xerox 1954	34747
Xerox 1954	37161
Xerox 1954	38588
Xerox 1954	44747
Xerox 1954	47161
Xerox 1954	48588
Xerox 1959	2115
Xerox 1959	4084
Xerox 1959	5397
Xerox 1959	5505
Xerox 1959	5870
Xerox 1959	7426
Xerox 1959	8853
Xerox 1959	12115
Xerox 1959	14084
Xerox 1959	15397
Xerox 1959	15505
Xerox 1959	15870
Xerox 1959	17426
Xerox 1959	18853
Xerox 1959	22115
Xerox 1959	24084
Xerox 1959	25397
Xerox 1959	25505
Xerox 1959	25870
Xerox 1959	27426
Xerox 1959	28853
Xerox 1959	32115
Xerox 1959	34084
Xerox 1959	35397
Xerox 1959	35505
Xerox 1959	35870
Xerox 1959	37426
Xerox 1959	38853
Xerox 1959	42115
Xerox 1959	44084
Xerox 1959	45397
Xerox 1959	45505
Xerox 1959	45870
Xerox 1959	47426
Xerox 1959	48853
Xerox 196	803
Xerox 196	1186
Xerox 196	3153
Xerox 196	3965
Xerox 196	4128
Xerox 196	4504
Xerox 196	5755
Xerox 196	7562
Xerox 196	8989
Xerox 196	10803
Xerox 196	11186
Xerox 196	13153
Xerox 196	13965
Xerox 196	14128
Xerox 196	14504
Xerox 196	15755
Xerox 196	17562
Xerox 196	18989
Xerox 196	20803
Xerox 196	21186
Xerox 196	23153
Xerox 196	23965
Xerox 196	24128
Xerox 196	24504
Xerox 196	25755
Xerox 196	27562
Xerox 196	28989
Xerox 196	30803
Xerox 196	31186
Xerox 196	33153
Xerox 196	33965
Xerox 196	34128
Xerox 196	34504
Xerox 196	35755
Xerox 196	37562
Xerox 196	38989
Xerox 196	40803
Xerox 196	41186
Xerox 196	43153
Xerox 196	43965
Xerox 196	44128
Xerox 196	44504
Xerox 196	45755
Xerox 196	47562
Xerox 196	48989
Xerox 1961	2932
Xerox 1961	3845
Xerox 1961	4039
Xerox 1961	5073
Xerox 1961	5137
Xerox 1961	7242
Xerox 1961	7673
Xerox 1961	8305
Xerox 1961	8669
Xerox 1961	9100
Xerox 1961	9732
Xerox 1961	12932
Xerox 1961	13845
Xerox 1961	14039
Xerox 1961	15073
Xerox 1961	15137
Xerox 1961	17242
Xerox 1961	17673
Xerox 1961	18305
Xerox 1961	18669
Xerox 1961	19100
Xerox 1961	19732
Xerox 1961	22932
Xerox 1961	23845
Xerox 1961	24039
Xerox 1961	25073
Xerox 1961	25137
Xerox 1961	27242
Xerox 1961	27673
Xerox 1961	28305
Xerox 1961	28669
Xerox 1961	29100
Xerox 1961	29732
Xerox 1961	32932
Xerox 1961	33845
Xerox 1961	34039
Xerox 1961	35073
Xerox 1961	35137
Xerox 1961	37242
Xerox 1961	37673
Xerox 1961	38305
Xerox 1961	38669
Xerox 1961	39100
Xerox 1961	39732
Xerox 1961	42932
Xerox 1961	43845
Xerox 1961	44039
Xerox 1961	45073
Xerox 1961	45137
Xerox 1961	47242
Xerox 1961	47673
Xerox 1961	48305
Xerox 1961	48669
Xerox 1961	49100
Xerox 1961	49732
Xerox 1962	964
Xerox 1962	1817
Xerox 1962	1944
Xerox 1962	8079
Xerox 1962	9506
Xerox 1962	10964
Xerox 1962	11817
Xerox 1962	11944
Xerox 1962	18079
Xerox 1962	19506
Xerox 1962	20964
Xerox 1962	21817
Xerox 1962	21944
Xerox 1962	28079
Xerox 1962	29506
Xerox 1962	30964
Xerox 1962	31817
Xerox 1962	31944
Xerox 1962	38079
Xerox 1962	39506
Xerox 1962	40964
Xerox 1962	41817
Xerox 1962	41944
Xerox 1962	48079
Xerox 1962	49506
Xerox 1963	3291
Xerox 1963	4076
Xerox 1963	5469
Xerox 1963	7571
Xerox 1963	8998
Xerox 1963	13291
Xerox 1963	14076
Xerox 1963	15469
Xerox 1963	17571
Xerox 1963	18998
Xerox 1963	23291
Xerox 1963	24076
Xerox 1963	25469
Xerox 1963	27571
Xerox 1963	28998
Xerox 1963	33291
Xerox 1963	34076
Xerox 1963	35469
Xerox 1963	37571
Xerox 1963	38998
Xerox 1963	43291
Xerox 1963	44076
Xerox 1963	45469
Xerox 1963	47571
Xerox 1963	48998
Xerox 1964	2783
Xerox 1964	2831
Xerox 1964	6256
Xerox 1964	6447
Xerox 1964	6471
Xerox 1964	12783
Xerox 1964	12831
Xerox 1964	16256
Xerox 1964	16447
Xerox 1964	16471
Xerox 1964	22783
Xerox 1964	22831
Xerox 1964	26256
Xerox 1964	26447
Xerox 1964	26471
Xerox 1964	32783
Xerox 1964	32831
Xerox 1964	36256
Xerox 1964	36447
Xerox 1964	36471
Xerox 1964	42783
Xerox 1964	42831
Xerox 1964	46256
Xerox 1964	46447
Xerox 1964	46471
Xerox 1966	63
Xerox 1966	3579
Xerox 1966	3684
Xerox 1966	5836
Xerox 1966	6650
Xerox 1966	7848
Xerox 1966	9275
Xerox 1966	10063
Xerox 1966	13579
Xerox 1966	13684
Xerox 1966	15836
Xerox 1966	16650
Xerox 1966	17848
Xerox 1966	19275
Xerox 1966	20063
Xerox 1966	23579
Xerox 1966	23684
Xerox 1966	25836
Xerox 1966	26650
Xerox 1966	27848
Xerox 1966	29275
Xerox 1966	30063
Xerox 1966	33579
Xerox 1966	33684
Xerox 1966	35836
Xerox 1966	36650
Xerox 1966	37848
Xerox 1966	39275
Xerox 1966	40063
Xerox 1966	43579
Xerox 1966	43684
Xerox 1966	45836
Xerox 1966	46650
Xerox 1966	47848
Xerox 1966	49275
Xerox 1968	3766
Xerox 1968	5746
Xerox 1968	7972
Xerox 1968	8302
Xerox 1968	9399
Xerox 1968	9729
Xerox 1968	13766
Xerox 1968	15746
Xerox 1968	17972
Xerox 1968	18302
Xerox 1968	19399
Xerox 1968	19729
Xerox 1968	23766
Xerox 1968	25746
Xerox 1968	27972
Xerox 1968	28302
Xerox 1968	29399
Xerox 1968	29729
Xerox 1968	33766
Xerox 1968	35746
Xerox 1968	37972
Xerox 1968	38302
Xerox 1968	39399
Xerox 1968	39729
Xerox 1968	43766
Xerox 1968	45746
Xerox 1968	47972
Xerox 1968	48302
Xerox 1968	49399
Xerox 1968	49729
Xerox 197	476
Xerox 197	723
Xerox 197	1450
Xerox 197	1793
Xerox 197	2706
Xerox 197	3867
Xerox 197	4258
Xerox 197	6307
Xerox 197	7136
Xerox 197	8563
Xerox 197	9990
Xerox 197	10476
Xerox 197	10723
Xerox 197	11450
Xerox 197	11793
Xerox 197	12706
Xerox 197	13867
Xerox 197	14258
Xerox 197	16307
Xerox 197	17136
Xerox 197	18563
Xerox 197	19990
Xerox 197	20476
Xerox 197	20723
Xerox 197	21450
Xerox 197	21793
Xerox 197	22706
Xerox 197	23867
Xerox 197	24258
Xerox 197	26307
Xerox 197	27136
Xerox 197	28563
Xerox 197	29990
Xerox 197	30476
Xerox 197	30723
Xerox 197	31450
Xerox 197	31793
Xerox 197	32706
Xerox 197	33867
Xerox 197	34258
Xerox 197	36307
Xerox 197	37136
Xerox 197	38563
Xerox 197	39990
Xerox 197	40476
Xerox 197	40723
Xerox 197	41450
Xerox 197	41793
Xerox 197	42706
Xerox 197	43867
Xerox 197	44258
Xerox 197	46307
Xerox 197	47136
Xerox 197	48563
Xerox 197	49990
Xerox 1971	170
Xerox 1971	839
Xerox 1971	2196
Xerox 1971	5572
Xerox 1971	6162
Xerox 1971	7303
Xerox 1971	8730
Xerox 1971	10170
Xerox 1971	10839
Xerox 1971	12196
Xerox 1971	15572
Xerox 1971	16162
Xerox 1971	17303
Xerox 1971	18730
Xerox 1971	20170
Xerox 1971	20839
Xerox 1971	22196
Xerox 1971	25572
Xerox 1971	26162
Xerox 1971	27303
Xerox 1971	28730
Xerox 1971	30170
Xerox 1971	30839
Xerox 1971	32196
Xerox 1971	35572
Xerox 1971	36162
Xerox 1971	37303
Xerox 1971	38730
Xerox 1971	40170
Xerox 1971	40839
Xerox 1971	42196
Xerox 1971	45572
Xerox 1971	46162
Xerox 1971	47303
Xerox 1971	48730
Xerox 1972	6300
Xerox 1972	16300
Xerox 1972	26300
Xerox 1972	36300
Xerox 1972	46300
Xerox 1973	1327
Xerox 1973	7188
Xerox 1973	8615
Xerox 1973	11327
Xerox 1973	17188
Xerox 1973	18615
Xerox 1973	21327
Xerox 1973	27188
Xerox 1973	28615
Xerox 1973	31327
Xerox 1973	37188
Xerox 1973	38615
Xerox 1973	41327
Xerox 1973	47188
Xerox 1973	48615
Xerox 1974	1254
Xerox 1974	5638
Xerox 1974	11254
Xerox 1974	15638
Xerox 1974	21254
Xerox 1974	25638
Xerox 1974	31254
Xerox 1974	35638
Xerox 1974	41254
Xerox 1974	45638
Xerox 1976	725
Xerox 1976	5516
Xerox 1976	7995
Xerox 1976	9422
Xerox 1976	10725
Xerox 1976	15516
Xerox 1976	17995
Xerox 1976	19422
Xerox 1976	20725
Xerox 1976	25516
Xerox 1976	27995
Xerox 1976	29422
Xerox 1976	30725
Xerox 1976	35516
Xerox 1976	37995
Xerox 1976	39422
Xerox 1976	40725
Xerox 1976	45516
Xerox 1976	47995
Xerox 1976	49422
Xerox 1977	385
Xerox 1977	2506
Xerox 1977	3252
Xerox 1977	3908
Xerox 1977	5876
Xerox 1977	5959
Xerox 1977	7347
Xerox 1977	8188
Xerox 1977	8774
Xerox 1977	9615
Xerox 1977	10385
Xerox 1977	12506
Xerox 1977	13252
Xerox 1977	13908
Xerox 1977	15876
Xerox 1977	15959
Xerox 1977	17347
Xerox 1977	18188
Xerox 1977	18774
Xerox 1977	19615
Xerox 1977	20385
Xerox 1977	22506
Xerox 1977	23252
Xerox 1977	23908
Xerox 1977	25876
Xerox 1977	25959
Xerox 1977	27347
Xerox 1977	28188
Xerox 1977	28774
Xerox 1977	29615
Xerox 1977	30385
Xerox 1977	32506
Xerox 1977	33252
Xerox 1977	33908
Xerox 1977	35876
Xerox 1977	35959
Xerox 1977	37347
Xerox 1977	38188
Xerox 1977	38774
Xerox 1977	39615
Xerox 1977	40385
Xerox 1977	42506
Xerox 1977	43252
Xerox 1977	43908
Xerox 1977	45876
Xerox 1977	45959
Xerox 1977	47347
Xerox 1977	48188
Xerox 1977	48774
Xerox 1977	49615
Xerox 1978	555
Xerox 1978	927
Xerox 1978	2477
Xerox 1978	3322
Xerox 1978	5368
Xerox 1978	5411
Xerox 1978	6480
Xerox 1978	7973
Xerox 1978	9400
Xerox 1978	10555
Xerox 1978	10927
Xerox 1978	12477
Xerox 1978	13322
Xerox 1978	15368
Xerox 1978	15411
Xerox 1978	16480
Xerox 1978	17973
Xerox 1978	19400
Xerox 1978	20555
Xerox 1978	20927
Xerox 1978	22477
Xerox 1978	23322
Xerox 1978	25368
Xerox 1978	25411
Xerox 1978	26480
Xerox 1978	27973
Xerox 1978	29400
Xerox 1978	30555
Xerox 1978	30927
Xerox 1978	32477
Xerox 1978	33322
Xerox 1978	35368
Xerox 1978	35411
Xerox 1978	36480
Xerox 1978	37973
Xerox 1978	39400
Xerox 1978	40555
Xerox 1978	40927
Xerox 1978	42477
Xerox 1978	43322
Xerox 1978	45368
Xerox 1978	45411
Xerox 1978	46480
Xerox 1978	47973
Xerox 1978	49400
Xerox 1979	1148
Xerox 1979	1240
Xerox 1979	2710
Xerox 1979	4483
Xerox 1979	5321
Xerox 1979	5630
Xerox 1979	6490
Xerox 1979	6697
Xerox 1979	11148
Xerox 1979	11240
Xerox 1979	12710
Xerox 1979	14483
Xerox 1979	15321
Xerox 1979	15630
Xerox 1979	16490
Xerox 1979	16697
Xerox 1979	21148
Xerox 1979	21240
Xerox 1979	22710
Xerox 1979	24483
Xerox 1979	25321
Xerox 1979	25630
Xerox 1979	26490
Xerox 1979	26697
Xerox 1979	31148
Xerox 1979	31240
Xerox 1979	32710
Xerox 1979	34483
Xerox 1979	35321
Xerox 1979	35630
Xerox 1979	36490
Xerox 1979	36697
Xerox 1979	41148
Xerox 1979	41240
Xerox 1979	42710
Xerox 1979	44483
Xerox 1979	45321
Xerox 1979	45630
Xerox 1979	46490
Xerox 1979	46697
Xerox 198	11
Xerox 198	3720
Xerox 198	5232
Xerox 198	6961
Xerox 198	10011
Xerox 198	13720
Xerox 198	15232
Xerox 198	16961
Xerox 198	20011
Xerox 198	23720
Xerox 198	25232
Xerox 198	26961
Xerox 198	30011
Xerox 198	33720
Xerox 198	35232
Xerox 198	36961
Xerox 198	40011
Xerox 198	43720
Xerox 198	45232
Xerox 198	46961
Xerox 1980	12
Xerox 1980	4816
Xerox 1980	10012
Xerox 1980	14816
Xerox 1980	20012
Xerox 1980	24816
Xerox 1980	30012
Xerox 1980	34816
Xerox 1980	40012
Xerox 1980	44816
Xerox 1981	3407
Xerox 1981	4690
Xerox 1981	5483
Xerox 1981	5771
Xerox 1981	8380
Xerox 1981	8409
Xerox 1981	9807
Xerox 1981	9836
Xerox 1981	13407
Xerox 1981	14690
Xerox 1981	15483
Xerox 1981	15771
Xerox 1981	18380
Xerox 1981	18409
Xerox 1981	19807
Xerox 1981	19836
Xerox 1981	23407
Xerox 1981	24690
Xerox 1981	25483
Xerox 1981	25771
Xerox 1981	28380
Xerox 1981	28409
Xerox 1981	29807
Xerox 1981	29836
Xerox 1981	33407
Xerox 1981	34690
Xerox 1981	35483
Xerox 1981	35771
Xerox 1981	38380
Xerox 1981	38409
Xerox 1981	39807
Xerox 1981	39836
Xerox 1981	43407
Xerox 1981	44690
Xerox 1981	45483
Xerox 1981	45771
Xerox 1981	48380
Xerox 1981	48409
Xerox 1981	49807
Xerox 1981	49836
Xerox 1982	161
Xerox 1982	167
Xerox 1982	420
Xerox 1982	4172
Xerox 1982	7982
Xerox 1982	8306
Xerox 1982	9409
Xerox 1982	9733
Xerox 1982	10161
Xerox 1982	10167
Xerox 1982	10420
Xerox 1982	14172
Xerox 1982	17982
Xerox 1982	18306
Xerox 1982	19409
Xerox 1982	19733
Xerox 1982	20161
Xerox 1982	20167
Xerox 1982	20420
Xerox 1982	24172
Xerox 1982	27982
Xerox 1982	28306
Xerox 1982	29409
Xerox 1982	29733
Xerox 1982	30161
Xerox 1982	30167
Xerox 1982	30420
Xerox 1982	34172
Xerox 1982	37982
Xerox 1982	38306
Xerox 1982	39409
Xerox 1982	39733
Xerox 1982	40161
Xerox 1982	40167
Xerox 1982	40420
Xerox 1982	44172
Xerox 1982	47982
Xerox 1982	48306
Xerox 1982	49409
Xerox 1982	49733
Xerox 1983	799
Xerox 1983	990
Xerox 1983	2494
Xerox 1983	3789
Xerox 1983	4100
Xerox 1983	5533
Xerox 1983	5668
Xerox 1983	5825
Xerox 1983	7081
Xerox 1983	7095
Xerox 1983	7687
Xerox 1983	7784
Xerox 1983	8508
Xerox 1983	8522
Xerox 1983	9114
Xerox 1983	9211
Xerox 1983	9935
Xerox 1983	9949
Xerox 1983	10799
Xerox 1983	10990
Xerox 1983	12494
Xerox 1983	13789
Xerox 1983	14100
Xerox 1983	15533
Xerox 1983	15668
Xerox 1983	15825
Xerox 1983	17081
Xerox 1983	17095
Xerox 1983	17687
Xerox 1983	17784
Xerox 1983	18508
Xerox 1983	18522
Xerox 1983	19114
Xerox 1983	19211
Xerox 1983	19935
Xerox 1983	19949
Xerox 1983	20799
Xerox 1983	20990
Xerox 1983	22494
Xerox 1983	23789
Xerox 1983	24100
Xerox 1983	25533
Xerox 1983	25668
Xerox 1983	25825
Xerox 1983	27081
Xerox 1983	27095
Xerox 1983	27687
Xerox 1983	27784
Xerox 1983	28508
Xerox 1983	28522
Xerox 1983	29114
Xerox 1983	29211
Xerox 1983	29935
Xerox 1983	29949
Xerox 1983	30799
Xerox 1983	30990
Xerox 1983	32494
Xerox 1983	33789
Xerox 1983	34100
Xerox 1983	35533
Xerox 1983	35668
Xerox 1983	35825
Xerox 1983	37081
Xerox 1983	37095
Xerox 1983	37687
Xerox 1983	37784
Xerox 1983	38508
Xerox 1983	38522
Xerox 1983	39114
Xerox 1983	39211
Xerox 1983	39935
Xerox 1983	39949
Xerox 1983	40799
Xerox 1983	40990
Xerox 1983	42494
Xerox 1983	43789
Xerox 1983	44100
Xerox 1983	45533
Xerox 1983	45668
Xerox 1983	45825
Xerox 1983	47081
Xerox 1983	47095
Xerox 1983	47687
Xerox 1983	47784
Xerox 1983	48508
Xerox 1983	48522
Xerox 1983	49114
Xerox 1983	49211
Xerox 1983	49935
Xerox 1983	49949
Xerox 1984	1847
Xerox 1984	1957
Xerox 1984	2717
Xerox 1984	2960
Xerox 1984	3332
Xerox 1984	3911
Xerox 1984	4266
Xerox 1984	5040
Xerox 1984	6991
Xerox 1984	7369
Xerox 1984	8796
Xerox 1984	11847
Xerox 1984	11957
Xerox 1984	12717
Xerox 1984	12960
Xerox 1984	13332
Xerox 1984	13911
Xerox 1984	14266
Xerox 1984	15040
Xerox 1984	16991
Xerox 1984	17369
Xerox 1984	18796
Xerox 1984	21847
Xerox 1984	21957
Xerox 1984	22717
Xerox 1984	22960
Xerox 1984	23332
Xerox 1984	23911
Xerox 1984	24266
Xerox 1984	25040
Xerox 1984	26991
Xerox 1984	27369
Xerox 1984	28796
Xerox 1984	31847
Xerox 1984	31957
Xerox 1984	32717
Xerox 1984	32960
Xerox 1984	33332
Xerox 1984	33911
Xerox 1984	34266
Xerox 1984	35040
Xerox 1984	36991
Xerox 1984	37369
Xerox 1984	38796
Xerox 1984	41847
Xerox 1984	41957
Xerox 1984	42717
Xerox 1984	42960
Xerox 1984	43332
Xerox 1984	43911
Xerox 1984	44266
Xerox 1984	45040
Xerox 1984	46991
Xerox 1984	47369
Xerox 1984	48796
Xerox 1985	545
Xerox 1985	3034
Xerox 1985	10545
Xerox 1985	13034
Xerox 1985	20545
Xerox 1985	23034
Xerox 1985	30545
Xerox 1985	33034
Xerox 1985	40545
Xerox 1985	43034
Xerox 1986	1168
Xerox 1986	5749
Xerox 1986	7683
Xerox 1986	9110
Xerox 1986	11168
Xerox 1986	15749
Xerox 1986	17683
Xerox 1986	19110
Xerox 1986	21168
Xerox 1986	25749
Xerox 1986	27683
Xerox 1986	29110
Xerox 1986	31168
Xerox 1986	35749
Xerox 1986	37683
Xerox 1986	39110
Xerox 1986	41168
Xerox 1986	45749
Xerox 1986	47683
Xerox 1986	49110
Xerox 1988	5386
Xerox 1988	7925
Xerox 1988	9352
Xerox 1988	15386
Xerox 1988	17925
Xerox 1988	19352
Xerox 1988	25386
Xerox 1988	27925
Xerox 1988	29352
Xerox 1988	35386
Xerox 1988	37925
Xerox 1988	39352
Xerox 1988	45386
Xerox 1988	47925
Xerox 1988	49352
Xerox 1989	736
Xerox 1989	1210
Xerox 1989	4703
Xerox 1989	5914
Xerox 1989	6979
Xerox 1989	10736
Xerox 1989	11210
Xerox 1989	14703
Xerox 1989	15914
Xerox 1989	16979
Xerox 1989	20736
Xerox 1989	21210
Xerox 1989	24703
Xerox 1989	25914
Xerox 1989	26979
Xerox 1989	30736
Xerox 1989	31210
Xerox 1989	34703
Xerox 1989	35914
Xerox 1989	36979
Xerox 1989	40736
Xerox 1989	41210
Xerox 1989	44703
Xerox 1989	45914
Xerox 1989	46979
Xerox 199	970
Xerox 199	1694
Xerox 199	2304
Xerox 199	3559
Xerox 199	4588
Xerox 199	7317
Xerox 199	8744
Xerox 199	10970
Xerox 199	11694
Xerox 199	12304
Xerox 199	13559
Xerox 199	14588
Xerox 199	17317
Xerox 199	18744
Xerox 199	20970
Xerox 199	21694
Xerox 199	22304
Xerox 199	23559
Xerox 199	24588
Xerox 199	27317
Xerox 199	28744
Xerox 199	30970
Xerox 199	31694
Xerox 199	32304
Xerox 199	33559
Xerox 199	34588
Xerox 199	37317
Xerox 199	38744
Xerox 199	40970
Xerox 199	41694
Xerox 199	42304
Xerox 199	43559
Xerox 199	44588
Xerox 199	47317
Xerox 199	48744
Xerox 1991	2869
Xerox 1991	4055
Xerox 1991	4942
Xerox 1991	5138
Xerox 1991	5433
Xerox 1991	6918
Xerox 1991	8129
Xerox 1991	9556
Xerox 1991	12869
Xerox 1991	14055
Xerox 1991	14942
Xerox 1991	15138
Xerox 1991	15433
Xerox 1991	16918
Xerox 1991	18129
Xerox 1991	19556
Xerox 1991	22869
Xerox 1991	24055
Xerox 1991	24942
Xerox 1991	25138
Xerox 1991	25433
Xerox 1991	26918
Xerox 1991	28129
Xerox 1991	29556
Xerox 1991	32869
Xerox 1991	34055
Xerox 1991	34942
Xerox 1991	35138
Xerox 1991	35433
Xerox 1991	36918
Xerox 1991	38129
Xerox 1991	39556
Xerox 1991	42869
Xerox 1991	44055
Xerox 1991	44942
Xerox 1991	45138
Xerox 1991	45433
Xerox 1991	46918
Xerox 1991	48129
Xerox 1991	49556
Xerox 1992	567
Xerox 1992	2009
Xerox 1992	3521
Xerox 1992	6443
Xerox 1992	6895
Xerox 1992	10567
Xerox 1992	12009
Xerox 1992	13521
Xerox 1992	16443
Xerox 1992	16895
Xerox 1992	20567
Xerox 1992	22009
Xerox 1992	23521
Xerox 1992	26443
Xerox 1992	26895
Xerox 1992	30567
Xerox 1992	32009
Xerox 1992	33521
Xerox 1992	36443
Xerox 1992	36895
Xerox 1992	40567
Xerox 1992	42009
Xerox 1992	43521
Xerox 1992	46443
Xerox 1992	46895
Xerox 1993	831
Xerox 1993	1249
Xerox 1993	1917
Xerox 1993	4248
Xerox 1993	4686
Xerox 1993	5113
Xerox 1993	5333
Xerox 1993	7295
Xerox 1993	7338
Xerox 1993	7413
Xerox 1993	8059
Xerox 1993	8107
Xerox 1993	8722
Xerox 1993	8765
Xerox 1993	8840
Xerox 1993	9486
Xerox 1993	9534
Xerox 1993	10831
Xerox 1993	11249
Xerox 1993	11917
Xerox 1993	14248
Xerox 1993	14686
Xerox 1993	15113
Xerox 1993	15333
Xerox 1993	17295
Xerox 1993	17338
Xerox 1993	17413
Xerox 1993	18059
Xerox 1993	18107
Xerox 1993	18722
Xerox 1993	18765
Xerox 1993	18840
Xerox 1993	19486
Xerox 1993	19534
Xerox 1993	20831
Xerox 1993	21249
Xerox 1993	21917
Xerox 1993	24248
Xerox 1993	24686
Xerox 1993	25113
Xerox 1993	25333
Xerox 1993	27295
Xerox 1993	27338
Xerox 1993	27413
Xerox 1993	28059
Xerox 1993	28107
Xerox 1993	28722
Xerox 1993	28765
Xerox 1993	28840
Xerox 1993	29486
Xerox 1993	29534
Xerox 1993	30831
Xerox 1993	31249
Xerox 1993	31917
Xerox 1993	34248
Xerox 1993	34686
Xerox 1993	35113
Xerox 1993	35333
Xerox 1993	37295
Xerox 1993	37338
Xerox 1993	37413
Xerox 1993	38059
Xerox 1993	38107
Xerox 1993	38722
Xerox 1993	38765
Xerox 1993	38840
Xerox 1993	39486
Xerox 1993	39534
Xerox 1993	40831
Xerox 1993	41249
Xerox 1993	41917
Xerox 1993	44248
Xerox 1993	44686
Xerox 1993	45113
Xerox 1993	45333
Xerox 1993	47295
Xerox 1993	47338
Xerox 1993	47413
Xerox 1993	48059
Xerox 1993	48107
Xerox 1993	48722
Xerox 1993	48765
Xerox 1993	48840
Xerox 1993	49486
Xerox 1993	49534
Xerox 1994	742
Xerox 1994	1218
Xerox 1994	1657
Xerox 1994	2373
Xerox 1994	5840
Xerox 1994	6112
Xerox 1994	6795
Xerox 1994	8035
Xerox 1994	9462
Xerox 1994	10742
Xerox 1994	11218
Xerox 1994	11657
Xerox 1994	12373
Xerox 1994	15840
Xerox 1994	16112
Xerox 1994	16795
Xerox 1994	18035
Xerox 1994	19462
Xerox 1994	20742
Xerox 1994	21218
Xerox 1994	21657
Xerox 1994	22373
Xerox 1994	25840
Xerox 1994	26112
Xerox 1994	26795
Xerox 1994	28035
Xerox 1994	29462
Xerox 1994	30742
Xerox 1994	31218
Xerox 1994	31657
Xerox 1994	32373
Xerox 1994	35840
Xerox 1994	36112
Xerox 1994	36795
Xerox 1994	38035
Xerox 1994	39462
Xerox 1994	40742
Xerox 1994	41218
Xerox 1994	41657
Xerox 1994	42373
Xerox 1994	45840
Xerox 1994	46112
Xerox 1994	46795
Xerox 1994	48035
Xerox 1994	49462
Xerox 1995	629
Xerox 1995	829
Xerox 1995	948
Xerox 1995	8314
Xerox 1995	9741
Xerox 1995	10629
Xerox 1995	10829
Xerox 1995	10948
Xerox 1995	18314
Xerox 1995	19741
Xerox 1995	20629
Xerox 1995	20829
Xerox 1995	20948
Xerox 1995	28314
Xerox 1995	29741
Xerox 1995	30629
Xerox 1995	30829
Xerox 1995	30948
Xerox 1995	38314
Xerox 1995	39741
Xerox 1995	40629
Xerox 1995	40829
Xerox 1995	40948
Xerox 1995	48314
Xerox 1995	49741
Xerox 1996	3131
Xerox 1996	3458
Xerox 1996	3786
Xerox 1996	8110
Xerox 1996	8119
Xerox 1996	8297
Xerox 1996	9537
Xerox 1996	9546
Xerox 1996	9724
Xerox 1996	13131
Xerox 1996	13458
Xerox 1996	13786
Xerox 1996	18110
Xerox 1996	18119
Xerox 1996	18297
Xerox 1996	19537
Xerox 1996	19546
Xerox 1996	19724
Xerox 1996	23131
Xerox 1996	23458
Xerox 1996	23786
Xerox 1996	28110
Xerox 1996	28119
Xerox 1996	28297
Xerox 1996	29537
Xerox 1996	29546
Xerox 1996	29724
Xerox 1996	33131
Xerox 1996	33458
Xerox 1996	33786
Xerox 1996	38110
Xerox 1996	38119
Xerox 1996	38297
Xerox 1996	39537
Xerox 1996	39546
Xerox 1996	39724
Xerox 1996	43131
Xerox 1996	43458
Xerox 1996	43786
Xerox 1996	48110
Xerox 1996	48119
Xerox 1996	48297
Xerox 1996	49537
Xerox 1996	49546
Xerox 1996	49724
Xerox 1997	1033
Xerox 1997	1387
Xerox 1997	3858
Xerox 1997	4353
Xerox 1997	5329
Xerox 1997	5704
Xerox 1997	5957
Xerox 1997	6006
Xerox 1997	6235
Xerox 1997	11033
Xerox 1997	11387
Xerox 1997	13858
Xerox 1997	14353
Xerox 1997	15329
Xerox 1997	15704
Xerox 1997	15957
Xerox 1997	16006
Xerox 1997	16235
Xerox 1997	21033
Xerox 1997	21387
Xerox 1997	23858
Xerox 1997	24353
Xerox 1997	25329
Xerox 1997	25704
Xerox 1997	25957
Xerox 1997	26006
Xerox 1997	26235
Xerox 1997	31033
Xerox 1997	31387
Xerox 1997	33858
Xerox 1997	34353
Xerox 1997	35329
Xerox 1997	35704
Xerox 1997	35957
Xerox 1997	36006
Xerox 1997	36235
Xerox 1997	41033
Xerox 1997	41387
Xerox 1997	43858
Xerox 1997	44353
Xerox 1997	45329
Xerox 1997	45704
Xerox 1997	45957
Xerox 1997	46006
Xerox 1997	46235
Xerox 1998	4078
Xerox 1998	8091
Xerox 1998	9518
Xerox 1998	14078
Xerox 1998	18091
Xerox 1998	19518
Xerox 1998	24078
Xerox 1998	28091
Xerox 1998	29518
Xerox 1998	34078
Xerox 1998	38091
Xerox 1998	39518
Xerox 1998	44078
Xerox 1998	48091
Xerox 1998	49518
Xerox 2	2819
Xerox 2	7488
Xerox 2	8915
Xerox 2	12819
Xerox 2	17488
Xerox 2	18915
Xerox 2	22819
Xerox 2	27488
Xerox 2	28915
Xerox 2	32819
Xerox 2	37488
Xerox 2	38915
Xerox 2	42819
Xerox 2	47488
Xerox 2	48915
Xerox 20	152
Xerox 20	2609
Xerox 20	4448
Xerox 20	10152
Xerox 20	12609
Xerox 20	14448
Xerox 20	20152
Xerox 20	22609
Xerox 20	24448
Xerox 20	30152
Xerox 20	32609
Xerox 20	34448
Xerox 20	40152
Xerox 20	42609
Xerox 20	44448
Xerox 200	3214
Xerox 200	5092
Xerox 200	6661
Xerox 200	8216
Xerox 200	8311
Xerox 200	9643
Xerox 200	9738
Xerox 200	13214
Xerox 200	15092
Xerox 200	16661
Xerox 200	18216
Xerox 200	18311
Xerox 200	19643
Xerox 200	19738
Xerox 200	23214
Xerox 200	25092
Xerox 200	26661
Xerox 200	28216
Xerox 200	28311
Xerox 200	29643
Xerox 200	29738
Xerox 200	33214
Xerox 200	35092
Xerox 200	36661
Xerox 200	38216
Xerox 200	38311
Xerox 200	39643
Xerox 200	39738
Xerox 200	43214
Xerox 200	45092
Xerox 200	46661
Xerox 200	48216
Xerox 200	48311
Xerox 200	49643
Xerox 200	49738
Xerox 204	1042
Xerox 204	3825
Xerox 204	8115
Xerox 204	9542
Xerox 204	11042
Xerox 204	13825
Xerox 204	18115
Xerox 204	19542
Xerox 204	21042
Xerox 204	23825
Xerox 204	28115
Xerox 204	29542
Xerox 204	31042
Xerox 204	33825
Xerox 204	38115
Xerox 204	39542
Xerox 204	41042
Xerox 204	43825
Xerox 204	48115
Xerox 204	49542
Xerox 207	3891
Xerox 207	4164
Xerox 207	4273
Xerox 207	6721
Xerox 207	13891
Xerox 207	14164
Xerox 207	14273
Xerox 207	16721
Xerox 207	23891
Xerox 207	24164
Xerox 207	24273
Xerox 207	26721
Xerox 207	33891
Xerox 207	34164
Xerox 207	34273
Xerox 207	36721
Xerox 207	43891
Xerox 207	44164
Xerox 207	44273
Xerox 207	46721
Xerox 209	8293
Xerox 209	9720
Xerox 209	18293
Xerox 209	19720
Xerox 209	28293
Xerox 209	29720
Xerox 209	38293
Xerox 209	39720
Xerox 209	48293
Xerox 209	49720
Xerox 21	252
Xerox 21	1927
Xerox 21	3634
Xerox 21	3917
Xerox 21	4399
Xerox 21	4724
Xerox 21	4837
Xerox 21	4878
Xerox 21	4967
Xerox 21	6223
Xerox 21	7189
Xerox 21	7478
Xerox 21	8163
Xerox 21	8320
Xerox 21	8616
Xerox 21	8905
Xerox 21	9590
Xerox 21	9747
Xerox 21	10252
Xerox 21	11927
Xerox 21	13634
Xerox 21	13917
Xerox 21	14399
Xerox 21	14724
Xerox 21	14837
Xerox 21	14878
Xerox 21	14967
Xerox 21	16223
Xerox 21	17189
Xerox 21	17478
Xerox 21	18163
Xerox 21	18320
Xerox 21	18616
Xerox 21	18905
Xerox 21	19590
Xerox 21	19747
Xerox 21	20252
Xerox 21	21927
Xerox 21	23634
Xerox 21	23917
Xerox 21	24399
Xerox 21	24724
Xerox 21	24837
Xerox 21	24878
Xerox 21	24967
Xerox 21	26223
Xerox 21	27189
Xerox 21	27478
Xerox 21	28163
Xerox 21	28320
Xerox 21	28616
Xerox 21	28905
Xerox 21	29590
Xerox 21	29747
Xerox 21	30252
Xerox 21	31927
Xerox 21	33634
Xerox 21	33917
Xerox 21	34399
Xerox 21	34724
Xerox 21	34837
Xerox 21	34878
Xerox 21	34967
Xerox 21	36223
Xerox 21	37189
Xerox 21	37478
Xerox 21	38163
Xerox 21	38320
Xerox 21	38616
Xerox 21	38905
Xerox 21	39590
Xerox 21	39747
Xerox 21	40252
Xerox 21	41927
Xerox 21	43634
Xerox 21	43917
Xerox 21	44399
Xerox 21	44724
Xerox 21	44837
Xerox 21	44878
Xerox 21	44967
Xerox 21	46223
Xerox 21	47189
Xerox 21	47478
Xerox 21	48163
Xerox 21	48320
Xerox 21	48616
Xerox 21	48905
Xerox 21	49590
Xerox 21	49747
Xerox 210	1024
Xerox 210	1173
Xerox 210	1704
Xerox 210	2154
Xerox 210	3165
Xerox 210	3652
Xerox 210	3922
Xerox 210	4102
Xerox 210	4168
Xerox 210	5029
Xerox 210	5110
Xerox 210	6123
Xerox 210	6942
Xerox 210	7469
Xerox 210	7625
Xerox 210	8161
Xerox 210	8210
Xerox 210	8336
Xerox 210	8896
Xerox 210	9052
Xerox 210	9588
Xerox 210	9637
Xerox 210	9763
Xerox 210	11024
Xerox 210	11173
Xerox 210	11704
Xerox 210	12154
Xerox 210	13165
Xerox 210	13652
Xerox 210	13922
Xerox 210	14102
Xerox 210	14168
Xerox 210	15029
Xerox 210	15110
Xerox 210	16123
Xerox 210	16942
Xerox 210	17469
Xerox 210	17625
Xerox 210	18161
Xerox 210	18210
Xerox 210	18336
Xerox 210	18896
Xerox 210	19052
Xerox 210	19588
Xerox 210	19637
Xerox 210	19763
Xerox 210	21024
Xerox 210	21173
Xerox 210	21704
Xerox 210	22154
Xerox 210	23165
Xerox 210	23652
Xerox 210	23922
Xerox 210	24102
Xerox 210	24168
Xerox 210	25029
Xerox 210	25110
Xerox 210	26123
Xerox 210	26942
Xerox 210	27469
Xerox 210	27625
Xerox 210	28161
Xerox 210	28210
Xerox 210	28336
Xerox 210	28896
Xerox 210	29052
Xerox 210	29588
Xerox 210	29637
Xerox 210	29763
Xerox 210	31024
Xerox 210	31173
Xerox 210	31704
Xerox 210	32154
Xerox 210	33165
Xerox 210	33652
Xerox 210	33922
Xerox 210	34102
Xerox 210	34168
Xerox 210	35029
Xerox 210	35110
Xerox 210	36123
Xerox 210	36942
Xerox 210	37469
Xerox 210	37625
Xerox 210	38161
Xerox 210	38210
Xerox 210	38336
Xerox 210	38896
Xerox 210	39052
Xerox 210	39588
Xerox 210	39637
Xerox 210	39763
Xerox 210	41024
Xerox 210	41173
Xerox 210	41704
Xerox 210	42154
Xerox 210	43165
Xerox 210	43652
Xerox 210	43922
Xerox 210	44102
Xerox 210	44168
Xerox 210	45029
Xerox 210	45110
Xerox 210	46123
Xerox 210	46942
Xerox 210	47469
Xerox 210	47625
Xerox 210	48161
Xerox 210	48210
Xerox 210	48336
Xerox 210	48896
Xerox 210	49052
Xerox 210	49588
Xerox 210	49637
Xerox 210	49763
Xerox 212	1568
Xerox 212	1590
Xerox 212	1828
Xerox 212	2401
Xerox 212	2937
Xerox 212	3309
Xerox 212	3492
Xerox 212	5052
Xerox 212	5477
Xerox 212	5732
Xerox 212	6259
Xerox 212	7748
Xerox 212	9175
Xerox 212	11568
Xerox 212	11590
Xerox 212	11828
Xerox 212	12401
Xerox 212	12937
Xerox 212	13309
Xerox 212	13492
Xerox 212	15052
Xerox 212	15477
Xerox 212	15732
Xerox 212	16259
Xerox 212	17748
Xerox 212	19175
Xerox 212	21568
Xerox 212	21590
Xerox 212	21828
Xerox 212	22401
Xerox 212	22937
Xerox 212	23309
Xerox 212	23492
Xerox 212	25052
Xerox 212	25477
Xerox 212	25732
Xerox 212	26259
Xerox 212	27748
Xerox 212	29175
Xerox 212	31568
Xerox 212	31590
Xerox 212	31828
Xerox 212	32401
Xerox 212	32937
Xerox 212	33309
Xerox 212	33492
Xerox 212	35052
Xerox 212	35477
Xerox 212	35732
Xerox 212	36259
Xerox 212	37748
Xerox 212	39175
Xerox 212	41568
Xerox 212	41590
Xerox 212	41828
Xerox 212	42401
Xerox 212	42937
Xerox 212	43309
Xerox 212	43492
Xerox 212	45052
Xerox 212	45477
Xerox 212	45732
Xerox 212	46259
Xerox 212	47748
Xerox 212	49175
Xerox 213	64
Xerox 213	537
Xerox 213	1508
Xerox 213	1571
Xerox 213	1582
Xerox 213	3304
Xerox 213	5660
Xerox 213	5930
Xerox 213	6397
Xerox 213	7528
Xerox 213	7924
Xerox 213	8955
Xerox 213	9351
Xerox 213	10064
Xerox 213	10537
Xerox 213	11508
Xerox 213	11571
Xerox 213	11582
Xerox 213	13304
Xerox 213	15660
Xerox 213	15930
Xerox 213	16397
Xerox 213	17528
Xerox 213	17924
Xerox 213	18955
Xerox 213	19351
Xerox 213	20064
Xerox 213	20537
Xerox 213	21508
Xerox 213	21571
Xerox 213	21582
Xerox 213	23304
Xerox 213	25660
Xerox 213	25930
Xerox 213	26397
Xerox 213	27528
Xerox 213	27924
Xerox 213	28955
Xerox 213	29351
Xerox 213	30064
Xerox 213	30537
Xerox 213	31508
Xerox 213	31571
Xerox 213	31582
Xerox 213	33304
Xerox 213	35660
Xerox 213	35930
Xerox 213	36397
Xerox 213	37528
Xerox 213	37924
Xerox 213	38955
Xerox 213	39351
Xerox 213	40064
Xerox 213	40537
Xerox 213	41508
Xerox 213	41571
Xerox 213	41582
Xerox 213	43304
Xerox 213	45660
Xerox 213	45930
Xerox 213	46397
Xerox 213	47528
Xerox 213	47924
Xerox 213	48955
Xerox 213	49351
Xerox 214	78
Xerox 214	1549
Xerox 214	2045
Xerox 214	2063
Xerox 214	7645
Xerox 214	9072
Xerox 214	10078
Xerox 214	11549
Xerox 214	12045
Xerox 214	12063
Xerox 214	17645
Xerox 214	19072
Xerox 214	20078
Xerox 214	21549
Xerox 214	22045
Xerox 214	22063
Xerox 214	27645
Xerox 214	29072
Xerox 214	30078
Xerox 214	31549
Xerox 214	32045
Xerox 214	32063
Xerox 214	37645
Xerox 214	39072
Xerox 214	40078
Xerox 214	41549
Xerox 214	42045
Xerox 214	42063
Xerox 214	47645
Xerox 214	49072
Xerox 215	4024
Xerox 215	4892
Xerox 215	6099
Xerox 215	6363
Xerox 215	7840
Xerox 215	9267
Xerox 215	14024
Xerox 215	14892
Xerox 215	16099
Xerox 215	16363
Xerox 215	17840
Xerox 215	19267
Xerox 215	24024
Xerox 215	24892
Xerox 215	26099
Xerox 215	26363
Xerox 215	27840
Xerox 215	29267
Xerox 215	34024
Xerox 215	34892
Xerox 215	36099
Xerox 215	36363
Xerox 215	37840
Xerox 215	39267
Xerox 215	44024
Xerox 215	44892
Xerox 215	46099
Xerox 215	46363
Xerox 215	47840
Xerox 215	49267
Xerox 216	2061
Xerox 216	3487
Xerox 216	4415
Xerox 216	5235
Xerox 216	5338
Xerox 216	8111
Xerox 216	8114
Xerox 216	9538
Xerox 216	9541
Xerox 216	12061
Xerox 216	13487
Xerox 216	14415
Xerox 216	15235
Xerox 216	15338
Xerox 216	18111
Xerox 216	18114
Xerox 216	19538
Xerox 216	19541
Xerox 216	22061
Xerox 216	23487
Xerox 216	24415
Xerox 216	25235
Xerox 216	25338
Xerox 216	28111
Xerox 216	28114
Xerox 216	29538
Xerox 216	29541
Xerox 216	32061
Xerox 216	33487
Xerox 216	34415
Xerox 216	35235
Xerox 216	35338
Xerox 216	38111
Xerox 216	38114
Xerox 216	39538
Xerox 216	39541
Xerox 216	42061
Xerox 216	43487
Xerox 216	44415
Xerox 216	45235
Xerox 216	45338
Xerox 216	48111
Xerox 216	48114
Xerox 216	49538
Xerox 216	49541
Xerox 217	83
Xerox 217	1834
Xerox 217	2619
Xerox 217	3263
Xerox 217	4178
Xerox 217	5065
Xerox 217	5979
Xerox 217	6022
Xerox 217	6121
Xerox 217	6558
Xerox 217	7723
Xerox 217	7909
Xerox 217	9150
Xerox 217	9336
Xerox 217	10083
Xerox 217	11834
Xerox 217	12619
Xerox 217	13263
Xerox 217	14178
Xerox 217	15065
Xerox 217	15979
Xerox 217	16022
Xerox 217	16121
Xerox 217	16558
Xerox 217	17723
Xerox 217	17909
Xerox 217	19150
Xerox 217	19336
Xerox 217	20083
Xerox 217	21834
Xerox 217	22619
Xerox 217	23263
Xerox 217	24178
Xerox 217	25065
Xerox 217	25979
Xerox 217	26022
Xerox 217	26121
Xerox 217	26558
Xerox 217	27723
Xerox 217	27909
Xerox 217	29150
Xerox 217	29336
Xerox 217	30083
Xerox 217	31834
Xerox 217	32619
Xerox 217	33263
Xerox 217	34178
Xerox 217	35065
Xerox 217	35979
Xerox 217	36022
Xerox 217	36121
Xerox 217	36558
Xerox 217	37723
Xerox 217	37909
Xerox 217	39150
Xerox 217	39336
Xerox 217	40083
Xerox 217	41834
Xerox 217	42619
Xerox 217	43263
Xerox 217	44178
Xerox 217	45065
Xerox 217	45979
Xerox 217	46022
Xerox 217	46121
Xerox 217	46558
Xerox 217	47723
Xerox 217	47909
Xerox 217	49150
Xerox 217	49336
Xerox 220	637
Xerox 220	820
Xerox 220	1107
Xerox 220	1484
Xerox 220	1832
Xerox 220	3106
Xerox 220	4446
Xerox 220	7808
Xerox 220	7818
Xerox 220	7959
Xerox 220	9235
Xerox 220	9245
Xerox 220	9386
Xerox 220	10637
Xerox 220	10820
Xerox 220	11107
Xerox 220	11484
Xerox 220	11832
Xerox 220	13106
Xerox 220	14446
Xerox 220	17808
Xerox 220	17818
Xerox 220	17959
Xerox 220	19235
Xerox 220	19245
Xerox 220	19386
Xerox 220	20637
Xerox 220	20820
Xerox 220	21107
Xerox 220	21484
Xerox 220	21832
Xerox 220	23106
Xerox 220	24446
Xerox 220	27808
Xerox 220	27818
Xerox 220	27959
Xerox 220	29235
Xerox 220	29245
Xerox 220	29386
Xerox 220	30637
Xerox 220	30820
Xerox 220	31107
Xerox 220	31484
Xerox 220	31832
Xerox 220	33106
Xerox 220	34446
Xerox 220	37808
Xerox 220	37818
Xerox 220	37959
Xerox 220	39235
Xerox 220	39245
Xerox 220	39386
Xerox 220	40637
Xerox 220	40820
Xerox 220	41107
Xerox 220	41484
Xerox 220	41832
Xerox 220	43106
Xerox 220	44446
Xerox 220	47808
Xerox 220	47818
Xerox 220	47959
Xerox 220	49235
Xerox 220	49245
Xerox 220	49386
Xerox 221	2087
Xerox 221	12087
Xerox 221	22087
Xerox 221	32087
Xerox 221	42087
Xerox 223	5763
Xerox 223	15763
Xerox 223	25763
Xerox 223	35763
Xerox 223	45763
Xerox 224	126
Xerox 224	1501
Xerox 224	2795
Xerox 224	10126
Xerox 224	11501
Xerox 224	12795
Xerox 224	20126
Xerox 224	21501
Xerox 224	22795
Xerox 224	30126
Xerox 224	31501
Xerox 224	32795
Xerox 224	40126
Xerox 224	41501
Xerox 224	42795
Xerox 226	854
Xerox 226	3391
Xerox 226	5259
Xerox 226	5391
Xerox 226	6204
Xerox 226	10854
Xerox 226	13391
Xerox 226	15259
Xerox 226	15391
Xerox 226	16204
Xerox 226	20854
Xerox 226	23391
Xerox 226	25259
Xerox 226	25391
Xerox 226	26204
Xerox 226	30854
Xerox 226	33391
Xerox 226	35259
Xerox 226	35391
Xerox 226	36204
Xerox 226	40854
Xerox 226	43391
Xerox 226	45259
Xerox 226	45391
Xerox 226	46204
Xerox 227	957
Xerox 227	1015
Xerox 227	1436
Xerox 227	1479
Xerox 227	3390
Xerox 227	3901
Xerox 227	4027
Xerox 227	5781
Xerox 227	6373
Xerox 227	8288
Xerox 227	9715
Xerox 227	10957
Xerox 227	11015
Xerox 227	11436
Xerox 227	11479
Xerox 227	13390
Xerox 227	13901
Xerox 227	14027
Xerox 227	15781
Xerox 227	16373
Xerox 227	18288
Xerox 227	19715
Xerox 227	20957
Xerox 227	21015
Xerox 227	21436
Xerox 227	21479
Xerox 227	23390
Xerox 227	23901
Xerox 227	24027
Xerox 227	25781
Xerox 227	26373
Xerox 227	28288
Xerox 227	29715
Xerox 227	30957
Xerox 227	31015
Xerox 227	31436
Xerox 227	31479
Xerox 227	33390
Xerox 227	33901
Xerox 227	34027
Xerox 227	35781
Xerox 227	36373
Xerox 227	38288
Xerox 227	39715
Xerox 227	40957
Xerox 227	41015
Xerox 227	41436
Xerox 227	41479
Xerox 227	43390
Xerox 227	43901
Xerox 227	44027
Xerox 227	45781
Xerox 227	46373
Xerox 227	48288
Xerox 227	49715
Xerox 229	2208
Xerox 229	5466
Xerox 229	12208
Xerox 229	15466
Xerox 229	22208
Xerox 229	25466
Xerox 229	32208
Xerox 229	35466
Xerox 229	42208
Xerox 229	45466
Xerox 23	1784
Xerox 23	1974
Xerox 23	2379
Xerox 23	3080
Xerox 23	3505
Xerox 23	3637
Xerox 23	4112
Xerox 23	5582
Xerox 23	6127
Xerox 23	6687
Xerox 23	8018
Xerox 23	9445
Xerox 23	11784
Xerox 23	11974
Xerox 23	12379
Xerox 23	13080
Xerox 23	13505
Xerox 23	13637
Xerox 23	14112
Xerox 23	15582
Xerox 23	16127
Xerox 23	16687
Xerox 23	18018
Xerox 23	19445
Xerox 23	21784
Xerox 23	21974
Xerox 23	22379
Xerox 23	23080
Xerox 23	23505
Xerox 23	23637
Xerox 23	24112
Xerox 23	25582
Xerox 23	26127
Xerox 23	26687
Xerox 23	28018
Xerox 23	29445
Xerox 23	31784
Xerox 23	31974
Xerox 23	32379
Xerox 23	33080
Xerox 23	33505
Xerox 23	33637
Xerox 23	34112
Xerox 23	35582
Xerox 23	36127
Xerox 23	36687
Xerox 23	38018
Xerox 23	39445
Xerox 23	41784
Xerox 23	41974
Xerox 23	42379
Xerox 23	43080
Xerox 23	43505
Xerox 23	43637
Xerox 23	44112
Xerox 23	45582
Xerox 23	46127
Xerox 23	46687
Xerox 23	48018
Xerox 23	49445
Xerox 231	3932
Xerox 231	4519
Xerox 231	5122
Xerox 231	7722
Xerox 231	9149
Xerox 231	13932
Xerox 231	14519
Xerox 231	15122
Xerox 231	17722
Xerox 231	19149
Xerox 231	23932
Xerox 231	24519
Xerox 231	25122
Xerox 231	27722
Xerox 231	29149
Xerox 231	33932
Xerox 231	34519
Xerox 231	35122
Xerox 231	37722
Xerox 231	39149
Xerox 231	43932
Xerox 231	44519
Xerox 231	45122
Xerox 231	47722
Xerox 231	49149
Xerox 4200 Series MultiUse Premium Copy Paper (20Lb. and 84 Bright)	350
Xerox 4200 Series MultiUse Premium Copy Paper (20Lb. and 84 Bright)	1238
Xerox 4200 Series MultiUse Premium Copy Paper (20Lb. and 84 Bright)	1761
Xerox 4200 Series MultiUse Premium Copy Paper (20Lb. and 84 Bright)	1763
Xerox 4200 Series MultiUse Premium Copy Paper (20Lb. and 84 Bright)	4794
Xerox 4200 Series MultiUse Premium Copy Paper (20Lb. and 84 Bright)	6420
Xerox 4200 Series MultiUse Premium Copy Paper (20Lb. and 84 Bright)	7112
Xerox 4200 Series MultiUse Premium Copy Paper (20Lb. and 84 Bright)	7306
Xerox 4200 Series MultiUse Premium Copy Paper (20Lb. and 84 Bright)	8539
Xerox 4200 Series MultiUse Premium Copy Paper (20Lb. and 84 Bright)	8733
Xerox 4200 Series MultiUse Premium Copy Paper (20Lb. and 84 Bright)	9966
Xerox 4200 Series MultiUse Premium Copy Paper (20Lb. and 84 Bright)	10350
Xerox 4200 Series MultiUse Premium Copy Paper (20Lb. and 84 Bright)	11238
Xerox 4200 Series MultiUse Premium Copy Paper (20Lb. and 84 Bright)	11761
Xerox 4200 Series MultiUse Premium Copy Paper (20Lb. and 84 Bright)	11763
Xerox 4200 Series MultiUse Premium Copy Paper (20Lb. and 84 Bright)	14794
Xerox 4200 Series MultiUse Premium Copy Paper (20Lb. and 84 Bright)	16420
Xerox 4200 Series MultiUse Premium Copy Paper (20Lb. and 84 Bright)	17112
Xerox 4200 Series MultiUse Premium Copy Paper (20Lb. and 84 Bright)	17306
Xerox 4200 Series MultiUse Premium Copy Paper (20Lb. and 84 Bright)	18539
Xerox 4200 Series MultiUse Premium Copy Paper (20Lb. and 84 Bright)	18733
Xerox 4200 Series MultiUse Premium Copy Paper (20Lb. and 84 Bright)	19966
Xerox 4200 Series MultiUse Premium Copy Paper (20Lb. and 84 Bright)	20350
Xerox 4200 Series MultiUse Premium Copy Paper (20Lb. and 84 Bright)	21238
Xerox 4200 Series MultiUse Premium Copy Paper (20Lb. and 84 Bright)	21761
Xerox 4200 Series MultiUse Premium Copy Paper (20Lb. and 84 Bright)	21763
Xerox 4200 Series MultiUse Premium Copy Paper (20Lb. and 84 Bright)	24794
Xerox 4200 Series MultiUse Premium Copy Paper (20Lb. and 84 Bright)	26420
Xerox 4200 Series MultiUse Premium Copy Paper (20Lb. and 84 Bright)	27112
Xerox 4200 Series MultiUse Premium Copy Paper (20Lb. and 84 Bright)	27306
Xerox 4200 Series MultiUse Premium Copy Paper (20Lb. and 84 Bright)	28539
Xerox 4200 Series MultiUse Premium Copy Paper (20Lb. and 84 Bright)	28733
Xerox 4200 Series MultiUse Premium Copy Paper (20Lb. and 84 Bright)	29966
Xerox 4200 Series MultiUse Premium Copy Paper (20Lb. and 84 Bright)	30350
Xerox 4200 Series MultiUse Premium Copy Paper (20Lb. and 84 Bright)	31238
Xerox 4200 Series MultiUse Premium Copy Paper (20Lb. and 84 Bright)	31761
Xerox 4200 Series MultiUse Premium Copy Paper (20Lb. and 84 Bright)	31763
Xerox 4200 Series MultiUse Premium Copy Paper (20Lb. and 84 Bright)	34794
Xerox 4200 Series MultiUse Premium Copy Paper (20Lb. and 84 Bright)	36420
Xerox 4200 Series MultiUse Premium Copy Paper (20Lb. and 84 Bright)	37112
Xerox 4200 Series MultiUse Premium Copy Paper (20Lb. and 84 Bright)	37306
Xerox 4200 Series MultiUse Premium Copy Paper (20Lb. and 84 Bright)	38539
Xerox 4200 Series MultiUse Premium Copy Paper (20Lb. and 84 Bright)	38733
Xerox 4200 Series MultiUse Premium Copy Paper (20Lb. and 84 Bright)	39966
Xerox 4200 Series MultiUse Premium Copy Paper (20Lb. and 84 Bright)	40350
Xerox 4200 Series MultiUse Premium Copy Paper (20Lb. and 84 Bright)	41238
Xerox 4200 Series MultiUse Premium Copy Paper (20Lb. and 84 Bright)	41761
Xerox 4200 Series MultiUse Premium Copy Paper (20Lb. and 84 Bright)	41763
Xerox 4200 Series MultiUse Premium Copy Paper (20Lb. and 84 Bright)	44794
Xerox 4200 Series MultiUse Premium Copy Paper (20Lb. and 84 Bright)	46420
Xerox 4200 Series MultiUse Premium Copy Paper (20Lb. and 84 Bright)	47112
Xerox 4200 Series MultiUse Premium Copy Paper (20Lb. and 84 Bright)	47306
Xerox 4200 Series MultiUse Premium Copy Paper (20Lb. and 84 Bright)	48539
Xerox 4200 Series MultiUse Premium Copy Paper (20Lb. and 84 Bright)	48733
Xerox 4200 Series MultiUse Premium Copy Paper (20Lb. and 84 Bright)	49966
Xerox Blank Computer Paper	100
Xerox Blank Computer Paper	1272
Xerox Blank Computer Paper	1389
Xerox Blank Computer Paper	2414
Xerox Blank Computer Paper	4119
Xerox Blank Computer Paper	4604
Xerox Blank Computer Paper	4969
Xerox Blank Computer Paper	5156
Xerox Blank Computer Paper	5856
Xerox Blank Computer Paper	7499
Xerox Blank Computer Paper	8926
Xerox Blank Computer Paper	10100
Xerox Blank Computer Paper	11272
Xerox Blank Computer Paper	11389
Xerox Blank Computer Paper	12414
Xerox Blank Computer Paper	14119
Xerox Blank Computer Paper	14604
Xerox Blank Computer Paper	14969
Xerox Blank Computer Paper	15156
Xerox Blank Computer Paper	15856
Xerox Blank Computer Paper	17499
Xerox Blank Computer Paper	18926
Xerox Blank Computer Paper	20100
Xerox Blank Computer Paper	21272
Xerox Blank Computer Paper	21389
Xerox Blank Computer Paper	22414
Xerox Blank Computer Paper	24119
Xerox Blank Computer Paper	24604
Xerox Blank Computer Paper	24969
Xerox Blank Computer Paper	25156
Xerox Blank Computer Paper	25856
Xerox Blank Computer Paper	27499
Xerox Blank Computer Paper	28926
Xerox Blank Computer Paper	30100
Xerox Blank Computer Paper	31272
Xerox Blank Computer Paper	31389
Xerox Blank Computer Paper	32414
Xerox Blank Computer Paper	34119
Xerox Blank Computer Paper	34604
Xerox Blank Computer Paper	34969
Xerox Blank Computer Paper	35156
Xerox Blank Computer Paper	35856
Xerox Blank Computer Paper	37499
Xerox Blank Computer Paper	38926
Xerox Blank Computer Paper	40100
Xerox Blank Computer Paper	41272
Xerox Blank Computer Paper	41389
Xerox Blank Computer Paper	42414
Xerox Blank Computer Paper	44119
Xerox Blank Computer Paper	44604
Xerox Blank Computer Paper	44969
Xerox Blank Computer Paper	45156
Xerox Blank Computer Paper	45856
Xerox Blank Computer Paper	47499
Xerox Blank Computer Paper	48926
